	also	bpd	corn	crude	dlrs	grain	last	market	mln	oil	opec	pct	price	prices	production	said	tonnes	wheat	would	year
grain_article176.txt	0	0	0	0	0	0	0	0	0	0	0	0	0	0	0	2	0	3	0	0
grain_article286.txt	0	0	0	0	0	0	0	0	0	0	0	0	0	0	0	1	1	2	0	0
grain_article546.txt	0	0	1	0	0	2	1	0	1	0	0	0	2	4	0	3	1	7	3	0
grain_article342.txt	0	0	0	0	0	1	0	0	0	0	0	0	0	0	0	1	1	0	0	0
grain_article294.txt	0	0	0	0	0	6	0	0	0	0	0	0	0	0	0	1	0	0	0	0
grain_article040.txt	0	0	0	0	0	0	0	0	1	0	0	0	0	0	5	0	0	1	0	0
grain_article061.txt	0	0	0	0	0	2	0	0	0	0	0	0	0	0	0	0	0	0	0	0
grain_article285.txt	0	0	3	0	0	0	0	0	0	0	0	0	0	0	0	2	2	0	0	0
grain_article171.txt	1	0	0	0	0	0	1	0	12	0	0	0	0	1	1	11	2	2	5	1
grain_article442.txt	0	0	3	0	1	2	0	0	1	0	0	0	0	2	1	2	0	0	0	0
grain_article384.txt	0	0	0	0	0	2	8	0	16	0	0	0	0	0	2	0	16	3	0	0
grain_article050.txt	0	0	1	0	0	9	2	0	9	0	0	0	0	0	0	7	9	2	0	0
grain_article534.txt	0	0	0	0	5	1	1	0	11	0	0	5	0	0	0	8	2	0	2	5
grain_article166.txt	0	0	0	0	0	2	0	0	0	0	0	0	0	0	0	0	0	0	0	0
grain_article461.txt	0	0	0	0	1	0	0	0	0	0	0	0	0	0	0	3	2	0	0	0
grain_article402.txt	0	0	0	0	1	2	0	0	0	0	0	0	0	0	0	1	6	4	0	0
grain_article356.txt	0	0	0	0	0	0	0	0	2	0	0	5	0	0	0	3	3	3	0	0
grain_article179.txt	0	0	1	0	0	0	0	0	0	0	0	3	0	0	0	1	0	1	0	0
grain_article359.txt	0	0	4	0	0	0	0	0	0	0	0	0	0	1	1	1	0	0	0	1
grain_article427.txt	0	0	3	0	0	3	0	0	1	0	0	0	0	0	0	0	6	2	0	3
grain_article241.txt	1	0	0	0	2	4	0	1	0	0	0	0	0	0	0	11	0	10	0	0
grain_article368.txt	1	0	13	0	0	1	0	0	0	0	0	0	0	4	0	5	0	0	0	0
grain_article011.txt	0	0	5	0	0	0	1	0	5	0	0	0	0	1	1	3	5	0	0	1
grain_article325.txt	0	0	0	0	0	0	2	0	5	0	0	1	0	0	0	4	1	0	0	3
grain_article556.txt	0	0	0	0	0	0	0	0	0	0	0	1	1	2	0	4	0	0	1	0
grain_article312.txt	0	0	0	0	0	0	1	0	4	0	0	1	0	0	0	2	8	3	0	2
grain_article498.txt	0	0	2	0	2	0	0	0	0	0	0	1	0	1	0	2	2	0	0	0
grain_article078.txt	0	0	2	0	0	0	0	0	0	0	0	0	0	0	0	0	2	0	0	0
grain_article270.txt	0	0	0	0	0	2	0	0	0	0	0	0	0	0	0	0	2	2	0	2
grain_article250.txt	0	0	2	0	0	0	0	0	0	0	0	0	0	0	0	0	2	0	0	0
grain_article170.txt	0	0	5	0	0	0	2	1	2	0	0	1	1	0	0	4	4	0	0	0
grain_article130.txt	0	0	2	0	0	0	0	0	1	0	0	0	0	0	0	1	1	0	0	0
grain_article181.txt	0	0	0	0	0	0	1	0	3	0	0	0	0	0	0	1	6	4	0	0
grain_article051.txt	0	0	0	0	0	0	0	0	0	0	0	0	0	0	0	0	2	2	0	0
grain_article492.txt	4	0	0	0	6	1	0	0	2	0	0	2	1	1	0	14	0	3	3	3
grain_article578.txt	0	0	0	0	0	0	0	1	0	0	0	0	0	0	0	2	4	4	0	0
grain_article278.txt	0	0	8	0	9	0	0	2	4	0	0	3	4	2	0	8	0	0	0	2
grain_article378.txt	0	0	0	0	0	0	0	1	0	0	0	0	0	0	0	4	2	2	0	1
grain_article290.txt	2	0	0	0	0	0	4	5	0	0	0	0	0	1	0	5	6	5	2	1
grain_article453.txt	0	0	3	0	0	0	0	0	0	0	0	0	0	0	0	3	0	0	1	0
grain_article337.txt	0	0	0	0	0	0	1	0	0	0	0	1	0	0	0	1	7	12	0	1
grain_article445.txt	0	0	6	0	1	0	1	2	0	0	0	2	0	0	0	3	0	0	0	0
grain_article533.txt	0	0	1	0	0	7	0	0	8	0	0	0	1	0	1	3	4	0	0	1
grain_article252.txt	0	0	0	0	0	0	0	3	0	0	0	0	0	0	0	0	1	5	0	0
grain_article134.txt	0	0	2	0	0	0	0	0	0	0	0	0	0	0	0	0	2	0	0	0
grain_article472.txt	0	0	0	0	0	0	0	0	2	0	0	1	0	0	0	2	1	3	0	0
grain_article120.txt	0	0	4	0	1	0	0	0	0	0	0	0	0	1	0	7	0	0	0	0
grain_article557.txt	1	0	2	0	0	0	1	0	0	0	0	5	0	0	0	5	0	0	0	1
grain_article261.txt	1	0	0	0	0	6	3	1	2	0	0	3	0	0	0	16	1	0	4	2
grain_article004.txt	0	0	0	0	2	0	2	0	0	0	0	1	7	0	0	2	0	0	1	0
grain_article328.txt	0	0	4	0	0	0	0	0	0	0	0	0	0	0	1	3	0	0	0	0
grain_article217.txt	0	0	6	0	0	2	0	0	0	0	0	1	1	0	0	1	0	1	0	0
grain_article233.txt	0	0	8	0	2	0	0	0	0	0	0	0	2	0	1	5	3	0	0	1
grain_article547.txt	1	0	2	0	0	0	1	1	0	2	0	5	0	0	0	2	0	1	0	4
grain_article258.txt	1	0	0	0	0	0	2	2	14	0	0	3	4	2	1	12	12	11	1	4
grain_article144.txt	2	0	3	0	0	0	0	0	0	0	0	1	0	0	0	1	0	2	4	1
grain_article315.txt	0	0	0	0	0	3	0	0	0	0	0	0	0	2	1	6	0	0	1	2
grain_article389.txt	0	0	0	0	0	0	4	0	8	0	0	0	0	0	0	0	6	3	0	0
grain_article419.txt	1	0	0	0	0	0	1	5	0	0	0	0	0	0	0	8	0	0	5	1
grain_article056.txt	0	0	0	0	0	7	0	0	7	0	0	0	0	0	7	0	7	0	0	0
grain_article257.txt	2	0	8	0	0	0	0	1	0	0	0	0	1	1	0	5	4	0	0	0
grain_article393.txt	0	0	1	0	0	0	0	1	0	0	0	0	0	0	0	13	0	1	4	5
grain_article398.txt	2	0	1	0	0	0	1	0	0	0	0	2	0	2	1	9	0	1	4	5
grain_article077.txt	0	0	0	0	2	0	0	0	2	0	0	0	0	0	0	1	0	0	0	2
grain_article394.txt	0	0	1	0	0	4	1	3	4	0	0	0	0	0	0	3	3	1	0	0
grain_article483.txt	0	0	0	0	2	2	0	1	0	0	0	0	0	1	0	3	0	0	0	1
grain_article029.txt	1	0	0	0	0	0	0	2	2	0	0	0	2	0	0	4	2	0	1	1
grain_article200.txt	0	0	0	0	0	1	0	0	0	0	0	0	1	0	0	6	0	0	1	1
grain_article293.txt	0	0	0	0	0	0	0	0	0	0	0	0	0	0	0	6	0	0	0	0
grain_article231.txt	0	0	0	0	1	0	0	0	1	0	0	0	0	0	0	2	1	3	0	0
grain_article082.txt	0	0	7	0	0	0	0	0	2	0	0	0	0	0	0	3	6	0	0	0
grain_article049.txt	0	0	2	0	0	0	0	0	0	1	0	0	0	0	0	0	3	1	0	1
grain_article093.txt	0	0	0	0	0	0	0	0	0	0	0	0	0	0	0	2	1	4	0	0
grain_article536.txt	0	0	0	0	0	0	2	0	5	0	0	1	0	0	2	6	2	7	2	2
grain_article381.txt	0	0	3	0	6	1	0	1	1	0	0	2	0	0	0	3	0	1	0	1
grain_article180.txt	0	0	0	0	0	0	0	0	0	0	0	6	0	0	0	1	0	2	0	0
grain_article456.txt	0	0	2	0	0	0	0	0	3	0	0	1	0	0	0	4	0	3	1	1
grain_article031.txt	0	0	0	0	1	1	0	0	0	0	0	0	0	0	0	0	0	0	0	0
grain_article140.txt	0	0	2	0	0	0	0	0	0	0	0	0	0	0	0	0	0	2	0	0
grain_article576.txt	0	0	0	0	0	7	3	1	17	0	0	1	0	1	4	7	7	12	1	4
grain_article392.txt	0	0	0	0	0	2	0	0	0	0	0	0	0	0	0	0	0	0	0	0
grain_article522.txt	0	0	5	0	0	2	0	0	8	0	0	0	0	0	0	1	0	0	0	2
grain_article486.txt	1	0	0	0	0	3	0	0	0	0	0	0	0	0	0	10	0	5	0	0
grain_article421.txt	0	0	6	0	0	4	3	0	4	0	0	0	1	0	0	8	5	2	3	4
grain_article047.txt	0	0	7	0	10	7	0	1	29	3	0	0	19	1	15	0	2	4	0	3
grain_article336.txt	0	0	0	0	0	0	0	0	0	0	0	0	0	0	0	0	2	0	0	0
grain_article362.txt	0	0	0	0	0	0	0	0	0	0	0	0	0	0	0	4	0	5	5	0
grain_article444.txt	0	0	11	0	1	1	0	2	9	0	0	0	1	1	1	14	0	0	5	0
grain_article309.txt	0	0	1	0	4	0	0	1	4	0	0	1	0	1	0	3	0	2	4	0
grain_article559.txt	0	0	2	0	0	0	0	0	0	0	0	0	0	0	0	0	2	0	0	0
grain_article515.txt	0	0	2	0	0	0	0	0	0	0	0	0	0	0	0	0	2	0	0	0
grain_article027.txt	0	0	4	0	0	1	0	0	0	0	0	4	1	1	1	6	1	1	0	0
grain_article168.txt	0	0	0	0	0	0	0	0	3	0	0	0	0	0	0	1	15	5	0	1
grain_article509.txt	0	0	0	0	0	0	0	0	0	0	0	0	0	0	0	0	2	2	0	0
grain_article447.txt	0	0	0	0	0	0	2	0	0	0	0	0	0	0	0	3	1	0	0	3
grain_article561.txt	0	0	0	0	1	0	0	0	1	0	0	0	0	0	0	2	1	0	0	0
grain_article101.txt	1	0	0	0	0	0	3	0	4	0	0	2	0	0	0	1	0	3	0	5
grain_article115.txt	0	0	0	0	0	1	0	0	0	0	0	5	0	0	0	0	0	3	0	0
grain_article420.txt	1	0	0	0	0	0	1	1	0	0	0	0	3	1	0	4	0	8	5	0
grain_article139.txt	0	0	3	0	1	0	1	0	0	0	0	0	0	0	1	2	0	0	0	1
grain_article263.txt	0	0	0	0	0	3	0	0	0	0	0	4	0	0	0	1	0	0	0	2
grain_article137.txt	0	0	4	1	2	0	0	0	2	0	0	4	0	0	0	3	2	0	0	0
grain_article158.txt	0	0	0	2	3	0	0	1	0	2	0	2	0	0	0	4	0	1	0	0
grain_article021.txt	0	0	0	0	0	2	0	0	0	0	0	0	0	0	0	0	0	0	0	0
grain_article083.txt	0	0	0	0	0	2	1	3	0	0	0	1	0	0	2	5	0	0	1	1
grain_article167.txt	1	0	0	0	0	2	4	0	0	0	0	0	0	1	0	2	0	0	0	2
grain_article458.txt	0	0	1	0	4	0	0	0	4	0	0	0	0	0	0	2	3	2	0	1
grain_article376.txt	0	0	4	0	1	1	1	0	0	0	0	1	0	0	0	0	0	0	2	0
grain_article518.txt	1	0	0	0	0	1	2	0	1	0	0	0	2	1	0	11	1	8	2	0
grain_article495.txt	0	0	0	0	1	0	0	0	1	0	0	0	0	0	0	1	1	3	0	0
grain_article107.txt	0	0	0	0	0	0	0	2	0	0	0	0	0	0	0	3	2	1	0	0
grain_article072.txt	0	0	2	0	0	2	0	0	0	0	0	0	6	2	1	7	0	0	0	0
grain_article553.txt	0	0	0	0	0	1	0	0	0	0	0	0	1	1	0	8	0	8	2	0
grain_article225.txt	0	0	2	0	0	1	0	0	2	3	0	0	0	0	0	5	4	0	1	1
grain_article410.txt	0	0	0	0	0	0	0	0	0	0	0	0	0	0	0	2	3	2	0	1
grain_article276.txt	0	0	0	0	0	6	2	0	1	0	0	0	0	0	0	3	0	0	0	0
grain_article289.txt	0	0	0	0	0	0	0	0	0	0	0	0	0	0	0	2	0	0	1	0
grain_article260.txt	1	0	0	0	0	4	2	9	14	0	0	0	0	4	0	5	19	11	0	0
grain_article349.txt	0	0	0	0	0	0	1	0	0	0	0	0	0	0	0	0	0	3	0	1
grain_article514.txt	0	0	2	0	0	0	0	0	0	0	0	0	0	0	0	0	2	0	0	0
grain_article094.txt	0	0	0	0	0	0	0	0	0	0	0	0	0	0	0	2	0	2	1	0
grain_article017.txt	1	0	0	0	2	3	0	0	0	5	0	0	0	3	0	0	0	1	0	0
grain_article405.txt	2	0	0	0	0	0	1	0	6	0	0	0	0	0	0	0	4	2	0	0
grain_article012.txt	0	0	0	0	0	4	0	0	0	0	0	0	1	0	0	1	0	0	0	1
grain_article358.txt	0	0	2	0	0	0	0	0	0	0	0	0	0	0	0	0	0	0	0	0
grain_article240.txt	0	0	0	0	0	0	0	1	1	0	0	0	0	0	0	1	2	0	1	1
grain_article570.txt	2	0	0	0	0	3	5	0	20	0	0	12	0	0	7	2	12	0	0	1
grain_article243.txt	0	0	0	0	0	0	1	0	1	0	0	1	0	0	1	1	2	0	2	3
grain_article484.txt	0	0	1	0	0	0	0	0	0	0	0	0	0	0	1	2	0	0	0	1
grain_article344.txt	0	0	0	0	0	0	1	0	0	0	0	0	0	0	0	2	6	0	0	2
grain_article091.txt	0	0	0	0	0	0	0	0	0	0	0	0	0	0	0	0	2	0	0	0
grain_article535.txt	1	0	3	0	1	0	1	0	7	0	0	1	1	0	0	3	0	1	2	1
grain_article407.txt	1	0	0	0	0	2	5	0	12	0	0	8	0	0	2	8	11	0	1	3
grain_article320.txt	0	0	0	0	0	1	0	0	0	0	0	0	0	1	0	4	0	2	2	0
grain_article199.txt	0	0	2	0	0	0	0	0	0	0	0	0	0	0	0	0	0	0	0	0
grain_article268.txt	0	0	0	0	0	5	0	3	2	0	0	0	0	3	3	10	0	0	0	4
grain_article306.txt	3	0	0	0	0	0	1	0	2	0	0	1	0	0	4	6	0	0	12	1
grain_article121.txt	0	0	2	0	0	0	0	0	0	0	0	0	0	0	0	0	0	2	0	0
grain_article408.txt	0	0	0	0	0	0	0	0	2	0	0	1	0	0	0	1	3	0	0	1
grain_article353.txt	0	0	0	0	1	0	0	0	1	0	0	0	0	0	0	0	0	1	0	0
grain_article449.txt	0	0	0	0	0	2	0	0	0	0	0	0	0	0	0	1	0	0	0	3
grain_article062.txt	0	0	2	0	2	1	0	0	0	0	0	0	5	1	0	0	0	4	0	0
grain_article511.txt	1	0	0	0	2	5	2	3	0	0	0	0	3	3	0	13	0	19	1	2
grain_article044.txt	0	0	0	0	0	1	6	0	12	0	0	0	0	0	2	0	9	2	0	0
grain_article439.txt	0	0	6	0	5	0	0	0	3	0	0	0	0	0	0	0	0	0	0	0
grain_article424.txt	0	0	2	0	0	0	0	0	0	0	0	2	0	2	0	13	0	3	7	2
grain_article099.txt	0	0	0	0	0	1	2	2	0	0	0	0	0	0	0	2	3	9	0	0
grain_article464.txt	2	0	1	0	0	18	3	0	11	0	0	1	0	4	3	17	5	0	2	3
grain_article382.txt	0	0	0	0	0	2	0	0	2	0	0	0	0	0	0	0	2	0	0	0
grain_article470.txt	1	0	0	0	0	0	0	1	0	0	0	1	0	1	0	2	0	3	3	0
grain_article438.txt	0	0	2	0	2	1	0	0	0	0	0	0	5	1	0	0	0	4	0	0
grain_article266.txt	0	0	0	0	0	0	0	1	0	0	0	0	0	2	0	2	1	0	2	0
grain_article502.txt	0	0	2	0	0	0	0	0	0	0	0	0	0	0	0	0	0	2	0	0
grain_article111.txt	0	0	0	0	0	0	0	0	0	1	0	0	6	1	0	2	0	0	1	0
grain_article228.txt	0	0	0	0	3	0	0	0	1	0	0	0	0	0	0	3	0	1	0	1
grain_article097.txt	0	0	0	0	1	0	0	0	0	0	0	0	0	0	0	3	3	0	0	0
grain_article075.txt	0	0	0	0	0	2	3	0	0	0	0	2	0	0	0	6	0	0	0	1
grain_article437.txt	3	0	18	0	2	3	1	1	9	0	0	0	2	5	0	11	8	2	0	2
grain_article172.txt	0	0	3	0	0	1	3	0	12	0	0	0	0	0	0	0	0	3	0	4
grain_article069.txt	0	0	0	0	0	0	0	0	2	0	0	0	0	0	0	2	8	0	0	2
grain_article387.txt	0	0	1	0	0	5	2	1	5	0	0	1	0	0	3	3	5	2	0	1
grain_article080.txt	0	0	0	0	0	0	0	1	1	0	0	4	0	1	1	3	1	0	0	1
grain_article414.txt	0	0	0	0	1	0	0	0	0	0	0	0	1	0	0	2	0	1	0	1
grain_article497.txt	0	0	0	0	0	2	5	0	19	0	0	14	0	0	5	1	11	0	2	3
grain_article308.txt	0	0	0	0	0	5	8	0	18	0	0	13	0	0	4	2	9	0	2	7
grain_article352.txt	0	0	0	0	3	0	0	0	1	0	0	1	0	0	0	9	0	7	5	1
grain_article028.txt	0	0	0	0	0	6	0	0	0	0	0	0	0	0	0	1	0	0	0	0
grain_article430.txt	0	0	0	0	0	0	0	0	9	0	0	0	0	0	0	3	6	0	1	1
grain_article400.txt	0	0	4	0	0	1	0	0	0	0	0	2	0	0	0	3	0	0	0	0
grain_article503.txt	0	0	0	0	0	0	1	0	0	0	0	0	0	0	0	3	2	4	0	3
grain_article313.txt	0	0	0	0	0	0	0	0	3	0	0	0	0	0	0	4	6	0	0	0
grain_article380.txt	0	0	2	0	0	0	0	0	0	0	0	0	0	0	0	0	0	2	0	0
grain_article034.txt	0	0	0	0	0	2	0	0	2	0	0	0	0	0	0	0	2	0	0	2
grain_article291.txt	1	0	0	0	6	2	0	3	6	0	0	0	1	0	0	11	0	0	2	0
grain_article471.txt	1	0	2	0	3	0	0	0	0	0	0	2	0	1	1	4	0	4	7	0
grain_article482.txt	2	0	0	0	0	2	0	0	0	0	0	0	0	0	0	6	0	2	1	1
grain_article363.txt	0	0	6	0	0	0	0	0	0	0	0	0	0	0	0	4	0	0	0	0
grain_article271.txt	0	0	0	0	1	5	0	0	0	0	0	0	0	2	0	0	0	0	0	0
grain_article081.txt	0	0	0	0	0	2	1	3	0	0	0	1	0	0	2	5	0	0	1	1
grain_article154.txt	3	0	0	2	5	0	0	1	1	3	0	4	0	1	0	13	1	1	0	2
grain_article092.txt	0	0	0	0	0	0	0	0	0	0	0	0	0	0	0	1	1	0	0	0
grain_article275.txt	0	0	0	0	0	1	3	0	1	0	0	0	0	1	0	6	0	2	0	0
grain_article237.txt	0	0	0	0	0	0	0	0	0	0	0	0	0	0	0	0	0	0	0	0
grain_article404.txt	0	0	7	0	0	0	1	0	4	0	0	0	0	0	1	3	5	0	0	2
grain_article292.txt	1	0	0	0	2	7	0	3	0	0	0	4	0	3	0	3	0	0	5	2
grain_article256.txt	2	0	1	0	17	6	0	3	0	0	0	0	0	0	0	2	1	1	0	0
grain_article102.txt	0	0	4	0	0	0	1	0	10	0	0	10	0	3	0	4	7	0	0	6
grain_article162.txt	0	0	0	0	0	0	1	0	5	0	0	0	0	0	0	7	5	4	0	3
grain_article188.txt	0	0	0	0	0	0	0	0	0	0	0	0	0	0	0	1	0	3	0	0
grain_article304.txt	0	0	0	0	3	0	0	0	0	0	0	0	0	0	0	2	1	5	0	0
grain_article386.txt	0	0	0	0	1	0	0	0	0	0	0	0	0	0	0	3	2	0	0	0
grain_article202.txt	0	0	0	0	4	0	0	0	6	0	0	0	0	0	0	2	0	3	0	0
grain_article073.txt	0	0	0	0	0	1	1	0	0	0	0	1	0	0	0	1	6	0	0	0
grain_article450.txt	0	0	0	0	1	0	0	0	0	0	0	0	0	0	0	3	2	4	0	0
grain_article543.txt	2	0	0	0	0	0	1	0	0	0	0	3	0	1	0	2	0	2	3	1
grain_article201.txt	0	0	0	0	1	0	0	0	0	0	0	0	0	0	0	3	2	4	0	0
grain_article187.txt	0	0	0	0	0	0	1	0	0	0	0	0	0	0	0	3	0	8	3	0
grain_article057.txt	0	0	0	0	1	1	0	0	0	0	0	0	0	0	0	2	4	4	0	0
grain_article524.txt	1	0	1	0	0	0	1	0	1	0	0	2	0	0	2	10	1	0	0	2
grain_article512.txt	0	0	0	0	0	0	1	0	2	0	0	0	0	0	0	3	4	0	1	1
grain_article138.txt	0	0	0	0	1	0	0	0	0	0	0	0	0	0	0	2	2	3	0	0
grain_article161.txt	0	0	0	0	0	0	0	0	0	0	0	0	0	0	0	2	6	0	0	0
grain_article302.txt	1	0	0	0	0	2	0	5	0	0	0	0	0	3	0	2	0	0	0	0
grain_article428.txt	0	0	0	0	0	2	0	0	0	0	0	3	0	0	0	0	3	0	0	0
grain_article220.txt	2	0	2	0	1	8	4	2	4	0	0	0	2	2	0	4	3	14	8	1
grain_article218.txt	0	0	5	0	0	2	0	0	0	0	0	0	1	0	0	1	0	0	0	0
grain_article517.txt	0	0	0	0	0	4	0	0	0	0	0	0	0	3	1	8	0	7	2	0
grain_article036.txt	0	0	1	0	0	0	30	0	4	1	0	0	0	0	0	0	0	1	0	0
grain_article390.txt	0	0	0	0	0	0	0	0	3	0	0	0	0	0	0	3	6	0	1	0
grain_article539.txt	0	0	1	0	0	0	0	1	0	0	0	2	1	0	0	2	0	1	0	0
grain_article013.txt	0	0	1	0	0	0	0	0	0	1	0	0	0	0	0	1	3	1	0	1
grain_article357.txt	0	0	2	0	0	0	0	0	0	0	0	0	0	0	0	0	0	0	0	0
grain_article129.txt	0	0	0	0	0	0	0	0	0	0	0	0	0	0	0	1	1	2	0	0
grain_article401.txt	0	0	0	0	0	0	0	0	0	0	0	0	0	0	0	0	2	2	0	0
grain_article156.txt	1	0	0	0	5	2	0	0	0	0	0	0	0	0	0	1	5	0	0	0
grain_article366.txt	0	0	0	0	0	0	0	0	0	0	0	0	0	0	0	5	0	1	4	0
grain_article454.txt	0	0	3	0	0	0	0	0	11	0	0	0	0	0	0	0	0	3	0	3
grain_article068.txt	0	0	0	0	0	2	0	2	0	0	0	0	0	1	0	0	0	2	0	0
grain_article333.txt	0	0	0	0	1	0	0	2	0	1	0	0	3	1	0	5	0	2	1	0
grain_article006.txt	0	0	0	0	0	0	0	0	0	0	0	4	0	0	0	4	7	1	0	0
grain_article251.txt	0	0	3	0	0	0	0	0	0	0	0	0	0	0	0	2	1	0	0	2
grain_article173.txt	0	0	0	0	0	1	2	0	0	0	0	0	0	0	0	6	0	3	0	0
grain_article519.txt	1	0	0	0	0	0	3	0	0	0	0	4	0	0	0	18	0	5	0	2
grain_article025.txt	0	0	0	0	0	0	0	0	0	0	0	0	0	0	0	0	2	0	0	0
grain_article196.txt	0	0	4	0	0	0	0	0	0	0	0	0	0	0	0	0	0	0	0	0
grain_article365.txt	1	0	3	0	0	0	0	0	0	0	0	0	0	0	0	3	0	0	1	0
grain_article118.txt	0	0	0	0	0	0	0	0	0	0	0	9	2	2	0	3	0	1	1	0
grain_article572.txt	0	0	2	0	0	1	0	1	0	0	0	0	1	0	0	0	0	1	0	0
grain_article569.txt	2	0	11	0	0	1	0	4	4	0	0	3	2	0	10	24	0	0	5	6
grain_article487.txt	0	0	0	0	2	1	1	0	0	0	0	0	0	0	0	1	3	3	0	0
grain_article364.txt	0	0	5	0	0	1	0	0	0	0	0	1	2	0	1	2	0	0	3	0
grain_article527.txt	0	0	0	0	1	0	0	0	0	0	0	0	0	0	0	4	2	0	0	0
grain_article133.txt	0	0	0	0	0	0	0	0	1	0	0	1	0	0	0	4	0	4	0	0
grain_article157.txt	0	0	0	0	0	1	0	0	3	0	0	0	2	0	1	4	3	0	0	1
grain_article343.txt	0	0	0	0	0	0	0	0	0	0	0	0	0	0	0	1	0	0	0	0
grain_article095.txt	0	0	0	0	0	0	1	0	2	0	0	2	0	0	2	3	4	0	2	1
grain_article186.txt	0	0	0	0	0	4	0	0	5	0	0	0	0	0	0	2	6	3	0	0
grain_article041.txt	0	0	0	0	0	3	6	0	12	0	0	0	0	0	0	0	9	2	0	0
grain_article433.txt	0	0	0	0	0	2	0	0	0	0	0	1	0	0	0	2	0	0	0	0
grain_article152.txt	0	0	2	0	0	3	0	0	1	0	0	0	0	0	0	0	4	1	0	2
grain_article122.txt	1	0	0	0	0	0	0	1	0	0	0	0	0	0	0	4	0	0	2	0
grain_article246.txt	0	0	0	0	1	0	0	0	0	0	0	0	0	0	0	2	3	4	0	0
grain_article117.txt	0	0	0	0	3	0	0	0	3	0	0	0	0	0	0	3	0	0	0	0
grain_article468.txt	0	0	0	0	0	6	0	0	5	0	0	0	0	0	4	3	5	0	1	4
grain_article165.txt	0	0	0	0	0	0	0	2	0	0	0	0	1	0	0	1	2	2	0	0
grain_article338.txt	0	0	0	0	0	0	0	0	0	0	0	0	0	0	0	0	2	0	0	0
grain_article007.txt	0	0	0	0	0	4	0	0	4	0	0	4	0	0	3	5	4	0	3	1
grain_article163.txt	0	0	8	0	12	2	0	0	0	0	0	5	0	0	0	2	13	8	0	0
grain_article055.txt	0	0	3	0	0	0	0	0	0	0	0	0	0	0	0	3	8	3	0	2
grain_article210.txt	0	0	0	0	0	1	0	2	0	0	0	0	1	1	0	1	2	3	0	0
grain_article361.txt	0	0	1	0	0	2	0	0	0	0	0	0	0	0	0	2	0	3	0	0
grain_article510.txt	0	0	0	0	0	2	0	1	0	0	0	0	0	0	0	2	2	1	0	0
grain_article477.txt	2	0	0	0	7	0	4	0	8	0	0	2	0	0	0	4	0	6	13	2
grain_article322.txt	0	0	0	0	1	0	0	0	0	0	0	0	0	0	0	2	1	4	0	0
grain_article500.txt	1	0	0	0	0	0	0	1	1	0	0	0	0	0	1	3	1	4	0	2
grain_article151.txt	0	0	2	0	1	0	0	0	1	0	0	0	0	0	0	1	0	0	1	0
grain_article141.txt	0	0	0	0	0	9	1	0	13	0	0	0	0	0	5	5	9	0	2	4
grain_article413.txt	0	0	0	0	0	0	0	0	0	0	0	0	0	0	0	1	1	2	0	0
grain_article014.txt	0	0	0	0	0	0	1	1	0	0	0	0	0	0	0	4	0	0	1	0
grain_article310.txt	0	0	0	0	0	3	0	0	4	0	0	1	0	0	0	6	2	0	2	0
grain_article350.txt	0	0	0	0	0	1	2	0	3	0	0	1	0	0	0	3	5	0	0	3
grain_article059.txt	0	0	0	0	1	0	0	0	0	0	0	0	0	0	0	3	2	4	0	0
grain_article124.txt	0	0	0	0	0	4	3	0	1	0	0	0	0	0	1	7	1	1	3	9
grain_article193.txt	1	0	4	0	0	2	1	0	7	0	0	0	0	0	0	0	0	0	0	1
grain_article015.txt	0	0	0	0	0	0	0	0	7	0	0	0	0	0	0	2	1	7	0	1
grain_article190.txt	0	0	0	0	0	0	0	0	0	0	0	0	0	0	0	1	0	4	3	0
grain_article284.txt	0	0	0	0	4	0	0	3	2	0	0	0	2	0	1	5	7	9	0	3
grain_article224.txt	0	0	0	0	0	6	0	0	0	0	0	0	0	0	0	1	0	0	0	0
grain_article043.txt	0	0	0	0	0	0	4	0	8	0	0	0	0	0	0	0	6	3	0	0
grain_article039.txt	0	0	2	0	0	4	10	0	22	0	0	0	0	0	2	1	21	3	0	0
grain_article042.txt	0	0	0	0	0	0	4	0	8	0	0	0	0	0	0	0	6	3	0	0
grain_article164.txt	0	0	0	0	0	0	0	0	0	0	0	1	0	0	0	8	0	5	0	0
grain_article232.txt	0	0	4	0	0	0	1	0	1	0	0	0	0	1	1	3	1	0	0	1
grain_article426.txt	0	0	0	0	0	0	0	2	0	0	0	0	0	0	2	2	0	2	5	0
grain_article058.txt	0	0	0	0	0	2	0	0	0	0	0	0	0	0	0	0	2	2	0	1
grain_article105.txt	1	0	0	0	1	0	0	0	0	0	0	1	1	2	3	7	0	0	2	0
grain_article573.txt	0	0	0	0	0	0	0	0	3	0	0	1	0	0	0	2	1	0	0	0
grain_article411.txt	0	0	1	0	0	0	1	0	0	0	0	0	0	0	0	4	0	0	3	0
grain_article136.txt	0	0	0	0	0	0	0	2	1	0	0	0	1	0	0	6	2	0	1	2
grain_article422.txt	0	0	0	0	0	0	0	0	0	0	0	0	0	0	0	0	2	2	0	0
grain_article457.txt	0	0	0	0	0	1	1	0	0	0	0	0	0	0	0	3	0	0	1	0
grain_article467.txt	0	0	2	0	0	0	0	0	0	0	0	0	0	0	0	2	2	0	0	0
grain_article311.txt	0	0	0	0	0	0	0	0	0	0	0	0	0	0	0	2	0	0	2	0
grain_article429.txt	0	0	0	0	0	0	0	0	2	0	0	0	0	0	0	0	0	2	0	0
grain_article184.txt	0	0	0	0	0	1	1	0	1	0	0	0	0	0	1	2	3	0	0	0
grain_article513.txt	0	0	2	0	0	0	0	0	0	0	0	0	0	0	0	0	2	0	0	0
grain_article489.txt	0	0	5	0	0	0	0	0	0	0	0	0	0	0	0	0	0	0	0	0
grain_article030.txt	0	0	0	0	4	5	0	0	0	0	0	0	0	0	0	0	0	0	0	0
grain_article238.txt	3	0	2	0	2	3	0	1	0	0	0	2	0	0	1	3	2	4	5	3
grain_article191.txt	0	0	0	0	0	0	0	0	0	0	0	0	0	0	0	2	4	3	0	0
grain_article542.txt	0	0	0	0	0	5	0	1	0	0	0	1	0	0	0	5	1	0	1	0
grain_article206.txt	2	0	4	0	0	6	4	1	4	0	0	2	0	3	2	14	0	1	2	5
grain_article205.txt	0	0	2	0	0	0	0	0	0	0	0	1	0	0	0	2	1	0	0	0
grain_article146.txt	0	0	0	0	0	0	1	3	0	0	0	0	0	0	0	2	0	0	0	0
grain_article112.txt	0	0	0	0	1	0	1	0	1	0	0	1	0	0	1	1	1	0	0	2
grain_article493.txt	1	0	3	0	0	0	0	0	3	0	0	0	0	0	0	1	3	0	0	1
grain_article369.txt	0	0	5	0	0	0	0	1	0	0	0	0	1	0	0	2	0	0	0	0
grain_article159.txt	0	0	0	0	1	0	0	0	0	0	0	0	0	0	0	3	2	4	0	0
grain_article303.txt	0	0	0	0	0	0	0	0	0	0	0	0	1	0	0	2	1	2	0	0
grain_article530.txt	0	0	0	0	2	2	2	0	6	0	0	4	0	0	0	14	0	0	2	6
grain_article479.txt	0	0	2	0	0	0	0	0	0	0	0	0	0	0	0	0	2	0	0	0
grain_article466.txt	0	0	0	0	0	1	2	0	2	0	0	5	0	0	2	4	8	0	1	4
grain_article399.txt	0	0	1	1	0	0	0	0	0	1	0	1	0	1	1	2	0	0	0	1
grain_article540.txt	0	0	0	0	0	1	1	0	0	0	0	1	0	0	0	1	6	0	0	0
grain_article119.txt	0	0	0	0	0	0	2	0	0	0	0	0	0	0	0	1	0	1	0	3
grain_article052.txt	0	0	2	0	0	0	0	0	0	0	0	0	0	0	0	0	2	0	0	0
grain_article227.txt	0	0	0	0	2	1	0	0	0	0	0	0	0	0	0	0	0	3	0	0
grain_article295.txt	0	0	1	0	0	3	1	0	0	0	0	0	0	0	0	2	0	0	0	0
grain_article334.txt	0	0	0	0	0	0	0	0	0	0	0	0	0	0	0	4	0	3	0	0
grain_article575.txt	0	0	0	0	0	2	0	0	4	0	0	0	0	0	0	0	2	2	0	0
grain_article529.txt	2	0	4	0	2	0	0	1	1	0	0	0	3	0	2	11	0	0	4	1
grain_article046.txt	0	0	0	0	0	1	6	0	11	0	0	0	0	0	1	0	9	2	0	0
grain_article037.txt	0	0	4	0	0	1	0	0	0	0	0	0	0	0	0	1	4	1	0	3
grain_article474.txt	0	0	0	0	0	1	0	0	0	0	0	0	0	0	0	6	0	3	0	0
grain_article574.txt	0	0	0	0	0	2	0	0	4	0	0	0	0	0	0	0	2	0	0	0
grain_article520.txt	0	0	0	0	0	2	1	0	1	0	0	0	0	0	0	2	2	0	0	1
grain_article528.txt	0	0	0	0	0	1	0	0	0	4	0	1	0	0	3	5	0	4	0	1
grain_article064.txt	0	0	3	0	0	2	0	0	0	0	0	0	0	0	0	0	6	2	0	2
grain_article135.txt	0	0	4	0	0	1	0	0	0	0	0	0	0	0	0	1	5	2	0	3
grain_article198.txt	0	0	0	0	0	0	0	0	0	0	0	0	0	0	0	0	0	2	0	0
grain_article346.txt	1	0	1	0	1	0	1	0	1	0	0	1	0	0	0	8	0	5	3	2
grain_article367.txt	1	0	0	0	0	0	0	0	0	0	0	1	0	0	0	8	0	11	4	0
grain_article490.txt	1	0	8	0	2	8	0	6	1	0	0	4	8	4	0	8	1	0	4	1
grain_article269.txt	0	0	0	0	0	1	0	0	0	0	0	0	0	1	0	2	1	0	1	0
grain_article305.txt	0	0	0	0	0	0	0	0	0	0	0	0	0	0	0	2	2	2	0	0
grain_article018.txt	0	0	0	0	10	5	0	2	0	0	0	0	0	0	0	1	0	2	0	0
grain_article475.txt	0	0	1	0	0	2	0	0	0	0	0	0	0	0	0	4	0	0	0	0
grain_article209.txt	0	0	0	0	0	1	1	3	0	0	0	0	0	0	0	1	3	3	0	0
grain_article326.txt	0	0	3	0	0	0	2	0	0	0	0	0	0	0	0	5	0	0	3	3
grain_article086.txt	0	0	0	0	0	0	2	0	0	0	0	1	3	2	0	3	0	0	0	0
grain_article383.txt	0	0	0	0	0	2	0	0	2	0	0	0	0	0	0	0	2	0	0	2
grain_article321.txt	1	0	0	0	2	0	0	0	0	0	0	2	4	1	0	0	0	0	3	0
grain_article104.txt	2	0	4	0	5	1	0	0	1	0	0	2	1	0	0	10	0	3	8	0
grain_article448.txt	0	0	0	0	0	0	1	0	0	0	0	1	0	1	0	3	0	0	0	0
grain_article319.txt	0	0	2	0	0	0	0	0	0	0	0	0	0	0	0	1	0	0	0	0
grain_article555.txt	0	0	0	0	1	0	0	0	6	0	0	0	0	0	0	3	8	0	0	2
grain_article242.txt	0	0	0	0	0	1	0	0	6	0	0	0	0	0	0	1	4	3	0	1
grain_article465.txt	0	0	0	0	0	0	0	0	1	0	0	0	0	0	0	2	0	0	0	1
grain_article244.txt	0	0	0	0	0	0	0	0	3	0	0	0	0	0	0	1	2	3	0	0
grain_article335.txt	0	0	0	0	0	0	0	2	0	0	0	0	0	0	0	0	0	2	0	0
grain_article026.txt	0	0	0	0	0	1	0	2	0	0	0	0	0	0	0	2	2	1	0	0
grain_article235.txt	0	0	0	0	0	2	0	0	0	0	0	0	0	0	0	0	0	0	0	0
grain_article440.txt	0	0	0	0	0	1	3	3	0	0	0	0	0	0	0	1	5	2	0	0
grain_article485.txt	1	0	0	0	0	0	1	0	0	0	0	0	0	0	0	3	0	2	0	0
grain_article149.txt	0	0	1	0	0	0	0	0	0	0	0	0	0	0	0	3	4	3	0	0
grain_article175.txt	0	0	2	0	0	0	0	0	0	0	0	0	0	0	0	0	0	2	0	0
grain_article274.txt	0	0	0	0	0	0	0	0	2	0	0	0	0	0	0	2	8	0	0	2
grain_article462.txt	0	0	0	0	0	0	0	1	0	0	0	0	0	1	0	4	2	3	0	0
grain_article287.txt	0	0	5	0	0	0	0	0	2	0	0	1	0	0	1	4	1	0	0	1
grain_article412.txt	0	0	0	0	0	0	0	0	0	0	0	0	0	0	0	0	0	0	0	0
grain_article505.txt	1	0	3	0	0	1	1	0	0	0	0	17	0	0	0	6	0	1	0	0
grain_article379.txt	0	0	2	0	0	0	0	0	12	0	0	0	0	0	0	0	0	2	0	3
grain_article100.txt	0	0	0	0	0	0	0	0	0	0	0	3	0	0	0	2	0	0	0	0
grain_article132.txt	0	0	0	0	0	0	0	0	0	0	0	0	3	2	0	4	0	1	0	0
grain_article215.txt	1	0	0	0	4	0	0	0	2	1	0	0	0	0	0	2	2	1	0	0
grain_article259.txt	1	0	0	0	3	0	0	0	4	0	0	0	0	0	0	2	0	4	0	1
grain_article192.txt	0	0	0	0	0	1	1	0	0	0	0	0	0	0	0	5	0	1	0	1
grain_article441.txt	0	0	2	0	0	0	0	0	0	0	0	0	0	0	0	0	2	0	0	0
grain_article000.txt	1	0	0	0	0	2	0	0	2	0	0	4	0	0	1	3	2	0	0	1
grain_article127.txt	0	0	0	0	0	1	1	0	0	0	0	0	0	1	0	9	0	9	7	4
grain_article197.txt	0	0	0	0	0	0	0	0	0	0	0	0	0	0	0	0	0	2	0	0
grain_article491.txt	0	0	0	0	1	0	0	0	0	0	0	0	0	0	0	3	0	0	0	0
grain_article272.txt	0	0	2	0	0	5	1	5	0	2	0	0	0	0	0	7	21	4	0	0
grain_article339.txt	0	0	0	0	0	0	0	2	0	0	0	0	0	0	0	1	1	2	0	0
grain_article010.txt	0	0	0	0	1	0	0	0	1	0	0	0	0	0	0	2	1	3	0	0
grain_article443.txt	1	0	0	0	4	0	0	0	4	0	0	0	0	0	0	2	2	6	0	0
grain_article560.txt	0	0	5	0	0	1	0	0	0	0	0	0	0	0	0	2	5	1	0	5
grain_article504.txt	0	0	0	0	0	0	0	0	1	0	0	0	0	0	0	2	2	4	0	1
grain_article431.txt	0	0	0	0	3	0	0	0	3	0	0	2	0	0	0	0	2	3	0	1
grain_article216.txt	0	0	0	0	0	4	0	0	0	0	0	0	0	0	0	0	0	3	0	0
grain_article516.txt	1	0	7	0	0	1	0	0	1	0	0	0	0	0	0	3	5	0	0	5
grain_article425.txt	1	0	0	0	0	4	1	1	0	0	0	1	0	0	0	7	0	1	1	1
grain_article473.txt	0	0	0	0	0	0	0	0	0	0	0	0	0	0	0	4	0	3	0	0
grain_article347.txt	0	0	2	0	0	0	0	0	0	0	0	0	0	0	0	1	6	5	0	0
grain_article435.txt	1	0	3	0	0	1	0	0	5	0	0	1	0	1	1	2	0	0	0	2
grain_article455.txt	0	0	2	0	0	0	0	0	0	0	0	0	0	0	0	0	0	2	0	0
grain_article281.txt	0	0	0	0	0	0	1	0	0	0	0	0	0	1	0	2	1	0	1	1
grain_article496.txt	0	0	0	0	0	0	0	3	0	0	0	0	1	1	0	3	0	6	2	0
grain_article446.txt	0	0	0	0	0	1	1	0	1	0	0	0	0	0	0	4	6	0	0	1
grain_article434.txt	0	0	3	0	0	0	0	0	2	0	0	0	0	1	0	1	2	0	0	0
grain_article549.txt	0	0	0	0	0	0	0	2	0	0	0	1	1	3	0	4	3	7	2	0
grain_article273.txt	0	0	0	0	0	0	0	0	0	0	0	0	0	0	0	0	0	0	0	0
grain_article203.txt	0	0	0	0	6	0	0	0	8	3	0	0	0	0	0	2	0	2	0	0
grain_article183.txt	4	0	0	0	1	1	1	15	1	1	0	3	10	6	0	13	1	4	3	1
grain_article148.txt	0	0	0	0	0	0	0	0	2	0	0	0	0	0	0	3	6	0	0	3
grain_article178.txt	0	0	1	0	0	0	0	0	0	0	0	12	0	0	0	1	0	1	0	3
grain_article174.txt	0	0	0	0	0	0	0	0	14	0	0	5	0	0	0	1	11	2	0	0
grain_article189.txt	0	0	0	0	0	0	0	0	0	0	0	0	0	0	0	7	0	5	1	0
grain_article222.txt	0	0	0	0	0	0	0	1	1	0	0	0	0	0	0	3	2	0	2	1
grain_article185.txt	0	0	2	0	2	0	0	0	2	0	0	0	0	0	0	6	0	0	0	0
grain_article219.txt	0	0	0	0	0	0	7	0	1	0	0	4	0	0	0	4	0	0	0	8
grain_article340.txt	0	0	0	0	0	1	0	2	0	0	0	0	0	0	0	2	3	1	0	0
grain_article436.txt	0	0	10	0	0	2	0	0	3	0	0	0	0	0	0	6	7	0	0	2
grain_article348.txt	0	0	0	0	0	0	0	0	1	0	0	0	0	0	0	2	0	3	0	1
grain_article089.txt	0	0	2	0	0	0	0	0	0	0	0	0	0	0	0	0	0	2	0	0
grain_article226.txt	4	0	0	0	0	1	8	0	18	0	0	12	0	0	6	5	14	0	0	0
grain_article469.txt	1	0	0	0	0	2	0	0	0	2	0	0	0	0	0	0	1	2	0	0
grain_article452.txt	2	0	4	0	3	0	1	1	13	0	0	1	0	1	8	12	0	3	13	3
grain_article109.txt	1	0	2	0	4	3	0	2	0	0	0	8	3	5	0	9	0	2	11	0
grain_article113.txt	0	0	0	0	0	1	0	2	0	0	0	0	2	0	0	5	0	2	0	0
grain_article066.txt	0	0	2	0	0	0	0	0	0	0	0	0	0	0	0	1	2	0	0	0
grain_article255.txt	1	0	0	0	0	1	0	1	0	0	0	2	0	3	0	8	0	0	0	1
grain_article307.txt	0	0	0	0	0	0	0	0	0	0	0	0	0	0	0	2	0	4	0	0
grain_article544.txt	0	0	2	0	0	0	0	0	0	0	0	0	0	0	0	0	0	2	0	0
grain_article085.txt	0	0	0	0	0	0	0	0	10	0	0	1	0	0	0	7	5	7	3	0
grain_article548.txt	0	0	0	0	0	2	1	1	1	0	0	0	0	1	0	7	1	8	3	1
grain_article212.txt	0	0	0	0	0	0	0	0	0	0	0	0	0	0	0	0	0	3	0	0
grain_article406.txt	1	0	3	0	1	0	0	0	3	0	0	0	0	0	2	8	0	0	1	1
grain_article254.txt	1	0	0	0	0	0	0	4	0	0	0	0	0	0	0	1	1	7	0	0
grain_article282.txt	0	0	1	0	0	3	0	0	1	0	0	0	0	0	0	0	0	1	0	0
grain_article053.txt	0	0	1	0	0	4	0	0	3	1	0	0	0	0	8	0	2	1	0	0
grain_article098.txt	0	0	0	0	0	0	0	0	0	0	0	2	0	0	0	4	0	7	0	0
grain_article221.txt	0	0	1	0	0	1	0	1	0	0	0	0	0	0	0	0	0	3	0	0
grain_article423.txt	0	0	0	0	0	0	0	0	0	0	0	0	0	0	0	2	2	3	0	0
grain_article145.txt	1	0	0	0	1	1	2	0	3	0	0	7	0	0	0	6	2	0	1	6
grain_article155.txt	0	0	0	0	2	0	0	0	0	0	0	0	2	0	0	3	1	3	0	0
grain_article288.txt	0	0	5	0	0	1	1	0	1	0	0	0	2	2	1	2	0	0	1	1
grain_article552.txt	0	0	0	0	0	4	1	0	0	0	0	0	0	0	0	2	0	0	0	0
grain_article024.txt	0	0	0	0	0	0	0	0	0	0	0	0	0	0	0	0	2	0	0	0
grain_article267.txt	0	0	0	0	0	2	0	0	0	0	0	0	0	0	0	0	0	0	0	0
grain_article463.txt	0	0	3	0	3	0	0	0	2	0	0	0	0	0	0	3	0	0	0	0
grain_article022.txt	0	0	0	0	0	0	0	0	0	0	0	0	0	0	0	3	2	4	0	0
grain_article153.txt	0	0	1	0	0	0	0	0	1	1	0	5	0	0	0	9	12	2	0	2
grain_article355.txt	0	0	0	0	3	0	2	0	2	0	0	2	0	0	0	4	2	1	0	1
grain_article023.txt	0	0	0	0	0	0	0	3	0	0	0	0	0	0	0	2	8	4	0	0
grain_article377.txt	1	0	0	0	0	1	0	0	9	0	0	14	0	0	0	0	15	0	0	0
grain_article567.txt	0	0	0	0	0	0	0	0	0	0	0	0	0	0	0	0	0	0	0	0
grain_article327.txt	1	0	0	0	2	1	0	0	0	0	0	0	0	0	0	1	3	0	0	0
grain_article079.txt	0	0	0	0	0	0	1	0	0	0	0	0	0	0	0	1	3	0	0	4
grain_article204.txt	0	0	0	0	0	0	0	0	0	0	0	0	0	0	0	3	3	2	0	0
grain_article213.txt	0	0	0	0	0	0	0	0	0	0	0	0	0	0	0	1	0	0	0	0
grain_article330.txt	0	0	0	0	1	0	0	0	0	0	0	0	0	0	0	4	4	3	0	0
grain_article577.txt	0	0	0	0	1	0	0	0	0	0	0	2	3	10	5	1	0	11	2	0
grain_article065.txt	0	0	0	0	3	2	0	2	1	0	0	0	0	1	0	10	1	0	0	1
grain_article071.txt	0	0	0	0	0	0	0	0	3	0	0	2	0	1	2	7	1	9	1	0
grain_article128.txt	0	0	0	0	1	0	0	0	0	0	0	0	0	0	0	3	4	3	0	0
grain_article002.txt	0	0	0	0	1	1	0	0	0	0	0	0	1	0	0	2	1	2	0	0
grain_article550.txt	0	0	0	0	0	3	0	0	4	0	0	0	0	0	0	2	1	0	0	0
grain_article403.txt	0	0	0	0	0	0	0	0	0	0	0	0	0	0	0	0	2	2	0	0
grain_article262.txt	0	0	0	0	0	2	0	0	0	0	0	0	0	0	0	1	0	0	0	0
grain_article038.txt	0	0	3	0	0	1	0	0	2	0	0	0	0	0	0	0	1	3	0	0
grain_article230.txt	0	0	0	0	0	2	1	0	2	0	0	0	0	1	0	7	2	6	3	1
grain_article324.txt	0	0	0	0	0	0	0	0	5	0	0	0	0	0	0	2	5	4	0	2
grain_article033.txt	0	0	0	0	0	2	0	0	2	0	0	0	0	0	0	0	2	0	0	2
grain_article409.txt	1	0	0	0	0	2	0	0	9	0	0	1	1	0	0	7	8	7	1	2
grain_article003.txt	4	0	1	0	1	1	1	7	0	0	0	0	0	0	0	11	0	2	4	2
grain_article318.txt	0	0	0	0	0	4	0	0	1	0	0	0	0	0	0	9	1	8	3	1
grain_article532.txt	0	0	2	0	0	0	0	0	7	0	0	9	0	0	0	0	6	0	0	4
grain_article331.txt	0	0	0	0	1	0	0	0	0	0	0	0	0	0	0	4	2	0	0	0
grain_article523.txt	1	0	2	0	0	4	0	0	0	0	0	0	5	5	0	9	0	0	0	1
grain_article373.txt	1	0	0	0	0	3	0	4	0	0	0	0	0	0	0	5	0	0	0	1
grain_article253.txt	0	0	0	0	0	6	0	0	0	0	0	2	0	0	0	4	0	0	1	0
grain_article521.txt	0	0	0	0	0	1	1	0	4	0	0	0	0	0	0	1	6	1	0	3
grain_article126.txt	0	0	0	0	0	0	0	0	0	0	0	0	0	0	0	3	0	0	0	0
grain_article372.txt	0	0	0	0	0	1	1	0	0	0	0	1	0	0	0	1	6	0	0	0
grain_article194.txt	1	0	0	0	1	0	1	1	0	0	0	0	0	0	0	3	4	4	0	0
grain_article207.txt	2	0	0	0	0	14	3	0	2	1	0	1	4	7	0	12	0	0	2	4
grain_article008.txt	0	0	0	0	0	0	0	0	0	0	0	0	0	0	0	3	3	3	1	0
grain_article150.txt	2	0	0	0	1	0	1	0	1	0	0	0	0	3	1	4	0	0	3	0
grain_article035.txt	0	0	2	0	0	0	0	0	6	0	0	0	0	0	0	0	0	2	0	0
grain_article277.txt	0	0	0	0	0	2	0	0	0	0	0	1	0	0	0	5	0	0	2	0
grain_article264.txt	0	0	0	0	1	1	0	0	0	0	0	0	0	0	0	3	2	3	0	0
grain_article108.txt	0	0	4	0	0	0	0	0	0	0	0	0	0	0	0	0	2	0	0	0
grain_article300.txt	0	0	0	0	0	2	0	0	0	0	0	0	0	0	0	0	0	0	0	0
grain_article016.txt	0	0	0	0	0	3	1	0	8	0	0	2	0	0	1	4	6	2	1	1
grain_article009.txt	0	0	0	0	1	0	0	0	0	0	0	0	0	0	0	3	2	4	0	0
grain_article169.txt	0	0	0	0	0	0	1	0	0	0	0	2	0	0	0	1	0	6	0	0
grain_article223.txt	0	0	4	0	0	1	0	0	3	0	0	0	0	0	0	4	3	0	0	1
grain_article160.txt	0	0	5	0	0	1	1	0	0	0	0	0	3	6	0	7	0	0	1	0
grain_article070.txt	1	0	4	0	0	0	0	0	3	0	0	2	0	0	3	8	4	0	1	0
grain_article116.txt	0	0	0	0	3	1	0	0	0	0	0	0	0	0	0	3	4	4	0	0
grain_article418.txt	2	0	0	0	0	0	0	0	0	0	0	0	0	0	0	3	3	2	0	0
grain_article581.txt	0	0	2	0	0	0	0	0	0	0	0	0	0	0	0	0	0	0	0	0
grain_article371.txt	0	0	0	0	0	3	1	0	5	4	0	0	2	3	1	4	2	0	0	2
grain_article565.txt	0	0	2	0	0	0	0	0	0	0	0	1	0	0	0	1	1	0	0	0
grain_article537.txt	0	0	0	0	0	1	0	0	0	0	0	0	0	0	0	2	0	0	0	0
grain_article417.txt	1	0	1	0	0	6	1	1	0	0	0	2	0	0	0	7	1	0	2	1
grain_article332.txt	0	0	0	0	0	0	0	2	0	0	0	0	0	0	0	1	4	4	0	0
grain_article545.txt	0	0	0	0	0	1	0	0	1	0	0	0	0	0	0	2	2	0	1	2
grain_article525.txt	3	0	1	0	0	15	5	0	7	0	0	3	0	0	0	10	7	2	0	2
grain_article248.txt	0	0	0	0	0	0	0	2	0	0	0	0	0	0	0	2	2	1	0	0
grain_article579.txt	1	0	0	0	0	5	0	0	0	0	0	0	0	0	0	4	0	0	1	0
grain_article360.txt	0	0	8	0	0	1	0	0	0	0	0	0	0	0	1	5	0	0	1	0
grain_article142.txt	1	0	1	0	0	0	0	0	0	0	0	0	1	0	0	0	0	1	0	0
grain_article508.txt	0	0	0	0	0	0	0	0	1	0	0	0	0	0	0	1	0	0	0	0
grain_article182.txt	0	0	0	0	0	1	0	0	0	0	0	2	0	0	0	3	0	0	0	1
grain_article396.txt	1	0	0	0	0	1	1	0	2	1	0	1	0	0	0	5	1	1	0	1
grain_article478.txt	0	0	2	0	2	0	0	0	3	0	0	0	0	0	0	2	3	2	0	0
grain_article432.txt	0	0	0	0	0	0	0	0	3	0	0	0	0	0	3	3	0	0	0	1
grain_article395.txt	1	0	9	0	0	2	0	1	5	0	0	0	0	2	1	8	5	5	2	2
grain_article279.txt	0	0	0	0	0	1	0	2	0	0	0	0	1	1	0	2	3	3	1	0
grain_article554.txt	0	0	3	0	8	0	0	0	0	0	0	0	1	0	0	3	0	1	0	0
grain_article354.txt	0	0	0	0	0	0	1	0	0	0	0	0	0	0	0	1	1	4	1	2
grain_article388.txt	0	0	0	0	0	1	6	0	12	0	0	0	0	0	2	0	9	2	0	0
grain_article317.txt	2	0	0	0	1	0	0	1	0	0	0	0	0	0	0	2	0	1	0	1
grain_article459.txt	0	0	2	0	0	0	0	0	0	0	0	0	0	0	0	0	2	0	0	0
grain_article131.txt	2	0	0	0	0	0	0	0	0	0	0	1	0	0	0	8	6	1	0	0
grain_article501.txt	0	0	0	0	0	0	0	0	0	0	0	0	0	0	0	2	0	3	0	0
grain_article507.txt	0	0	0	0	0	3	0	0	0	0	0	0	0	0	0	0	0	2	3	0
grain_article114.txt	0	0	0	0	1	0	0	0	0	0	0	0	0	0	0	1	4	4	0	0
grain_article032.txt	0	0	0	0	2	0	0	0	0	0	0	0	0	0	0	3	1	2	0	0
grain_article351.txt	0	0	1	0	0	0	0	0	1	1	0	2	0	0	0	5	11	2	0	4
grain_article090.txt	0	0	0	0	4	0	0	0	7	0	0	0	0	0	0	3	0	2	0	1
grain_article460.txt	0	0	0	0	0	0	2	0	0	0	0	1	0	0	0	2	0	1	1	3
grain_article239.txt	0	0	0	0	0	3	0	0	0	0	0	4	0	0	0	1	0	0	0	2
grain_article499.txt	0	0	0	0	0	0	0	0	0	0	0	0	0	0	0	1	1	2	0	0
grain_article236.txt	0	0	0	0	0	6	0	0	0	0	0	0	0	0	0	2	0	0	0	0
grain_article374.txt	0	0	0	0	0	2	1	0	1	0	0	0	0	0	0	2	9	3	0	2
grain_article301.txt	0	0	0	0	0	0	0	0	0	0	0	0	0	0	0	0	0	0	0	0
grain_article147.txt	1	0	0	0	0	7	1	0	7	0	0	1	0	1	1	4	6	0	0	1
grain_article229.txt	0	0	0	0	0	1	0	0	0	0	0	0	0	0	0	2	6	4	0	0
grain_article067.txt	0	0	0	0	0	0	0	0	0	0	0	0	0	0	0	0	0	0	0	0
grain_article234.txt	0	0	0	0	0	0	0	0	0	0	0	0	0	0	0	2	1	5	1	1
grain_article538.txt	0	0	0	0	0	1	0	0	0	0	0	0	0	0	2	1	3	0	0	3
grain_article247.txt	0	0	0	0	0	0	0	0	1	0	0	0	0	0	0	1	5	4	0	2
grain_article526.txt	0	0	4	0	0	0	0	0	0	0	0	0	0	0	0	0	2	0	0	0
grain_article084.txt	0	0	0	0	0	7	0	0	3	0	0	3	0	1	0	6	1	0	0	2
grain_article314.txt	0	0	0	0	0	4	2	0	0	0	0	2	2	7	0	3	0	6	1	4
grain_article143.txt	0	0	0	0	0	0	0	0	0	0	0	0	0	0	0	0	0	0	0	0
grain_article045.txt	0	0	3	0	0	0	0	0	0	4	0	0	0	0	0	0	3	11	0	0
grain_article564.txt	0	0	2	0	0	0	0	0	0	0	0	1	0	0	0	1	1	0	0	0
grain_article005.txt	1	0	0	0	0	3	9	0	34	0	0	14	0	0	3	2	6	1	0	0
grain_article370.txt	3	0	0	0	0	0	1	0	0	0	0	0	0	0	1	7	1	0	2	1
grain_article580.txt	0	0	0	0	0	0	0	2	0	0	0	0	0	0	0	0	2	0	0	0
grain_article451.txt	0	0	0	0	0	2	0	0	0	0	0	0	0	0	0	2	0	0	1	0
grain_article249.txt	0	0	1	0	0	1	1	1	0	0	0	0	1	1	0	2	0	0	0	0
grain_article123.txt	3	0	0	0	4	0	0	2	1	1	0	0	0	3	0	9	0	0	3	5
grain_article074.txt	2	0	0	0	0	0	1	0	0	0	0	0	6	4	0	8	0	9	1	0
grain_article208.txt	0	0	1	0	0	13	0	0	2	0	0	6	0	0	4	9	2	1	0	2
grain_article551.txt	0	0	0	0	0	3	0	0	0	0	0	1	0	0	0	1	0	0	0	0
grain_article562.txt	0	0	0	0	2	0	0	0	2	0	0	0	0	0	0	2	0	2	0	1
grain_article298.txt	0	0	0	0	3	0	0	0	3	1	0	0	0	0	0	3	0	2	0	0
grain_article397.txt	0	0	0	0	0	0	0	0	0	0	0	0	0	0	0	2	3	3	0	0
grain_article280.txt	0	0	0	0	2	1	0	0	5	0	0	1	3	2	1	6	3	7	0	1
grain_article195.txt	0	0	1	0	0	0	0	0	0	0	0	0	0	0	0	4	0	1	0	0
grain_article076.txt	0	0	3	0	0	1	6	0	9	0	0	0	0	0	0	0	0	2	0	5
grain_article265.txt	0	0	0	0	1	0	0	0	0	0	0	0	0	0	0	3	2	3	0	0
grain_article391.txt	1	0	1	0	6	0	0	0	9	0	0	0	0	0	0	1	0	1	0	0
grain_article323.txt	1	0	0	0	0	0	1	0	0	0	0	1	0	0	0	7	0	1	0	0
grain_article480.txt	0	0	0	0	0	1	0	0	0	0	0	1	1	1	0	4	0	0	1	0
grain_article558.txt	0	0	0	0	5	7	2	1	5	0	0	3	0	0	0	17	0	0	4	7
grain_article563.txt	2	0	17	0	1	0	5	0	15	0	0	5	0	0	5	17	0	0	2	10
grain_article110.txt	0	0	0	0	0	0	0	0	0	0	0	0	0	0	0	5	2	0	1	0
grain_article214.txt	0	0	0	0	0	0	0	0	0	0	0	0	0	0	0	3	19	16	0	0
grain_article416.txt	0	0	0	0	0	0	0	0	0	0	0	0	0	0	0	0	2	0	0	0
grain_article063.txt	0	0	1	0	0	0	0	0	1	1	0	6	0	0	0	10	11	2	0	4
grain_article345.txt	1	0	1	1	0	0	2	0	9	5	0	6	0	2	11	2	10	2	0	1
grain_article476.txt	0	0	0	0	0	1	0	0	0	0	0	0	0	0	0	10	0	2	0	0
grain_article103.txt	1	0	0	0	1	0	0	0	0	0	0	1	1	2	3	7	0	0	2	0
grain_article048.txt	0	0	3	0	0	0	4	0	8	0	0	0	0	0	0	0	6	0	0	0
grain_article245.txt	0	0	0	0	0	0	0	2	0	0	0	0	0	0	0	1	3	2	0	0
grain_article125.txt	0	0	0	0	0	1	0	0	2	0	0	0	0	0	0	2	2	0	1	1
grain_article060.txt	0	0	0	0	0	0	0	0	1	0	0	0	0	0	1	0	1	0	0	0
grain_article087.txt	0	0	0	0	1	0	1	0	1	0	0	0	0	0	0	2	0	1	0	1
grain_article088.txt	1	0	0	0	0	1	0	0	0	0	0	0	0	0	0	2	2	3	0	0
grain_article054.txt	0	0	8	0	0	0	0	0	6	0	0	0	0	0	6	0	6	0	0	0
grain_article541.txt	0	0	0	0	0	1	0	1	0	0	0	1	0	0	0	1	0	0	2	0
grain_article096.txt	0	0	1	0	2	0	1	0	0	0	0	0	0	0	0	0	0	0	3	1
grain_article001.txt	0	0	0	0	0	0	0	0	0	2	0	10	0	1	0	3	0	0	0	2
grain_article299.txt	0	0	0	0	1	3	0	2	0	0	0	1	1	5	0	1	0	0	0	0
grain_article329.txt	0	0	0	0	0	3	0	0	7	0	0	0	0	0	0	0	3	1	0	0
grain_article297.txt	0	0	0	0	0	0	0	0	0	0	0	0	0	0	0	3	7	3	0	0
grain_article019.txt	0	0	0	0	0	1	1	0	12	0	0	0	0	0	2	5	10	1	0	2
grain_article020.txt	0	0	0	0	0	0	0	0	0	0	0	0	1	0	0	1	3	2	0	0
grain_article415.txt	0	0	0	0	0	0	0	0	0	0	0	0	0	0	0	0	2	2	0	0
grain_article211.txt	0	0	0	0	0	4	0	0	0	0	0	2	0	0	0	4	0	0	1	0
grain_article106.txt	0	0	0	0	0	0	0	0	0	0	0	0	0	0	0	1	4	3	0	0
grain_article283.txt	0	0	1	0	0	3	0	0	2	0	0	0	0	0	0	0	0	1	0	0
grain_article316.txt	0	0	3	0	1	4	1	3	1	0	0	0	2	8	0	11	1	4	0	1
grain_article506.txt	1	0	0	0	0	4	0	5	0	0	0	0	0	1	0	5	1	0	2	3
grain_article488.txt	0	0	0	0	5	3	0	0	0	0	0	0	1	0	0	1	7	0	0	0
grain_article481.txt	0	0	4	0	7	1	2	0	2	0	0	2	0	2	0	11	0	2	2	3
grain_article531.txt	1	0	0	0	5	0	4	0	4	0	0	0	0	1	0	2	1	0	1	4
grain_article341.txt	0	0	0	0	0	5	0	0	0	0	0	0	1	2	0	3	0	4	0	0
grain_article177.txt	0	0	0	0	0	2	0	0	0	0	0	0	0	0	0	1	0	0	0	0
grain_article566.txt	0	0	0	0	0	0	0	0	0	0	0	0	0	0	0	1	1	1	0	0
grain_article568.txt	2	0	0	0	1	0	0	1	2	0	0	0	0	0	0	2	2	0	9	2
grain_article385.txt	0	0	0	0	1	0	0	0	1	0	0	0	0	0	0	2	0	2	0	0
grain_article375.txt	0	0	1	0	3	3	0	0	6	0	0	0	1	0	0	0	0	1	0	0
grain_article296.txt	0	0	2	0	6	0	0	0	7	0	0	0	0	0	0	3	0	0	0	0
grain_article571.txt	0	0	3	0	5	1	3	1	3	0	0	3	2	2	0	6	0	0	2	2
grain_article494.txt	0	0	0	0	0	0	0	0	0	0	0	0	0	0	0	4	0	4	0	1
crude_article176.txt	0	0	0	0	1	0	0	0	1	1	0	1	0	0	1	2	0	0	0	1
crude_article286.txt	0	0	0	0	0	0	0	0	0	0	0	0	0	0	0	5	0	0	0	1
crude_article546.txt	0	0	0	7	0	0	2	1	10	3	0	0	0	2	0	8	0	0	2	1
crude_article342.txt	0	0	0	2	2	0	0	0	0	2	0	0	0	2	0	0	0	0	0	0
crude_article294.txt	0	0	0	0	3	0	0	0	4	5	0	2	0	0	0	3	0	0	0	1
crude_article040.txt	1	0	0	5	2	0	0	1	0	6	0	0	0	1	0	8	0	0	3	0
crude_article061.txt	0	0	0	1	3	0	0	0	3	4	0	0	0	0	0	1	0	0	2	0
crude_article285.txt	0	0	0	2	2	0	0	0	0	0	0	0	0	2	0	0	0	0	0	0
crude_article171.txt	0	0	0	2	3	0	1	0	0	3	0	0	0	4	0	2	0	0	0	0
crude_article442.txt	0	0	0	2	0	0	2	0	2	4	0	3	0	0	0	8	0	0	1	1
crude_article384.txt	1	2	0	1	1	0	0	1	1	2	0	0	0	1	0	8	0	0	2	1
crude_article050.txt	1	1	0	0	2	0	2	1	1	5	2	0	2	5	4	2	0	0	4	0
crude_article534.txt	1	0	0	1	5	0	0	0	8	10	0	3	2	2	2	9	0	0	0	6
crude_article166.txt	0	0	0	1	0	0	0	2	0	2	0	0	1	0	0	1	0	0	0	0
crude_article461.txt	0	0	0	0	1	0	0	1	7	10	0	0	2	1	2	3	1	0	1	10
crude_article402.txt	1	0	0	0	2	0	0	0	2	2	0	1	0	1	0	4	0	0	0	2
crude_article356.txt	0	0	0	0	0	0	0	0	0	7	0	6	0	0	2	5	0	0	0	1
crude_article179.txt	0	0	0	0	0	0	0	0	0	2	0	0	0	0	0	0	0	0	0	0
crude_article359.txt	0	0	0	0	0	0	0	0	0	3	0	0	0	0	0	3	0	0	1	0
crude_article427.txt	1	2	0	6	0	0	1	0	4	4	1	0	0	0	0	4	0	0	4	0
crude_article241.txt	0	0	0	0	0	0	0	0	0	1	0	1	0	0	0	3	0	0	0	0
crude_article368.txt	0	6	0	3	0	0	1	0	14	3	0	8	0	0	1	6	0	0	0	7
crude_article011.txt	1	0	0	1	0	0	0	0	0	12	2	5	2	2	0	9	0	0	3	0
crude_article325.txt	0	0	0	5	0	0	0	2	3	6	1	2	7	3	0	8	0	0	0	0
crude_article556.txt	1	3	0	0	0	0	2	0	1	2	0	1	0	0	2	8	0	0	1	0
crude_article312.txt	0	0	0	0	0	0	0	0	0	2	0	0	0	0	0	1	0	0	1	0
crude_article498.txt	0	0	0	1	0	0	0	0	0	5	0	0	0	0	2	5	0	0	0	0
crude_article078.txt	0	0	0	2	2	0	0	0	0	2	0	0	0	0	0	0	0	0	0	0
crude_article270.txt	0	0	0	0	0	0	0	0	0	0	0	0	0	0	0	0	0	0	0	0
crude_article250.txt	0	0	0	2	7	0	7	1	0	18	1	13	1	7	1	10	0	0	1	8
crude_article170.txt	0	0	0	0	0	0	0	0	0	2	0	0	0	0	0	2	0	0	1	0
crude_article130.txt	0	0	0	0	0	0	0	0	0	2	0	0	0	0	0	1	0	0	1	0
crude_article181.txt	0	0	0	0	0	0	0	0	0	2	0	0	0	0	0	1	0	0	0	0
crude_article051.txt	1	0	0	0	2	0	0	0	0	6	0	0	0	3	1	4	0	0	0	1
crude_article492.txt	2	0	0	0	2	0	1	0	12	4	0	0	2	2	0	2	0	0	5	2
crude_article278.txt	1	0	0	0	0	0	0	0	0	2	0	0	0	0	1	4	0	0	1	0
crude_article378.txt	2	0	0	0	9	0	0	1	5	7	0	0	1	1	1	15	0	0	1	3
crude_article290.txt	0	0	0	0	0	0	0	0	1	1	0	2	0	0	0	5	0	0	4	0
crude_article453.txt	0	0	0	0	0	0	3	0	0	12	1	2	0	2	0	4	0	0	2	2
crude_article337.txt	0	0	0	3	2	0	0	0	0	3	0	0	1	1	0	2	0	0	0	0
crude_article445.txt	1	0	0	0	3	0	0	0	0	2	0	2	0	0	0	1	0	0	4	1
crude_article533.txt	0	0	0	0	0	0	0	0	0	3	0	0	0	1	0	7	0	0	0	0
crude_article252.txt	0	0	0	2	1	0	2	0	1	3	0	0	0	0	0	4	0	0	1	0
crude_article134.txt	1	0	0	1	0	0	1	0	0	5	0	0	0	0	0	2	0	0	1	0
crude_article472.txt	0	0	0	0	0	0	1	0	1	8	0	1	0	1	4	7	0	0	6	2
crude_article120.txt	0	0	0	0	4	0	0	0	0	6	0	1	3	0	0	2	0	0	0	0
crude_article557.txt	1	3	0	2	0	0	0	0	1	6	0	0	0	1	2	6	0	0	1	0
crude_article261.txt	0	0	0	0	0	0	0	0	0	2	0	0	0	0	0	2	0	0	0	0
crude_article004.txt	1	0	0	0	9	0	3	0	9	8	0	1	0	1	3	9	0	0	1	3
crude_article328.txt	0	0	0	0	1	0	0	0	1	2	0	1	0	0	0	1	0	0	0	0
crude_article217.txt	3	0	0	4	16	0	4	0	0	6	0	5	0	1	0	1	0	0	0	0
crude_article233.txt	1	0	0	0	2	0	0	0	2	2	0	1	0	0	0	3	0	0	0	0
crude_article547.txt	1	0	0	0	0	0	0	0	1	2	0	0	0	0	0	2	0	0	0	0
crude_article258.txt	1	0	0	0	1	0	0	0	2	1	0	1	0	0	0	3	0	0	1	0
crude_article144.txt	0	0	0	0	0	0	1	0	0	2	0	0	0	0	0	3	0	0	0	0
crude_article315.txt	2	0	0	2	3	0	0	0	0	1	0	0	0	4	0	2	0	0	0	0
crude_article389.txt	1	0	0	3	2	0	1	0	0	1	0	0	2	0	0	1	0	0	0	0
crude_article419.txt	1	0	0	0	1	0	1	0	0	5	0	1	0	0	0	5	0	0	2	0
crude_article056.txt	0	0	0	0	4	0	1	0	3	4	4	2	0	0	3	6	0	0	0	1
crude_article257.txt	0	0	0	2	0	0	0	0	2	0	0	0	0	0	0	0	0	0	0	0
crude_article393.txt	0	0	0	3	1	0	1	0	0	3	0	0	3	0	0	1	0	0	0	0
crude_article398.txt	4	0	0	5	5	0	1	1	0	3	0	0	6	3	0	3	0	0	0	0
crude_article077.txt	0	0	0	2	2	0	0	0	0	2	0	0	0	0	0	0	0	0	0	0
crude_article394.txt	0	0	0	2	1	0	1	0	0	1	0	0	2	0	0	1	0	0	0	0
crude_article483.txt	0	0	0	0	0	0	1	0	6	4	0	1	0	0	5	0	0	0	0	0
crude_article029.txt	0	0	0	2	0	0	0	0	0	2	0	0	0	0	0	2	0	0	0	0
crude_article200.txt	0	0	0	0	0	0	1	0	0	2	0	1	0	0	0	11	0	0	7	0
crude_article293.txt	0	0	0	2	2	0	0	0	0	0	0	0	0	2	0	0	0	0	0	0
crude_article231.txt	1	0	0	4	0	0	1	1	11	2	0	2	0	0	0	11	0	0	1	0
crude_article082.txt	0	0	0	4	2	0	0	0	0	0	0	0	0	0	0	0	0	0	0	0
crude_article049.txt	1	1	0	0	2	0	2	1	1	5	2	0	2	5	4	2	0	0	4	0
crude_article093.txt	1	0	0	3	3	0	1	0	0	2	0	0	2	0	0	1	0	0	0	0
crude_article536.txt	0	0	0	0	0	0	1	0	0	2	0	0	0	0	0	7	0	0	2	1
crude_article381.txt	0	0	0	0	0	0	0	0	0	1	0	0	0	0	0	3	0	0	0	0
crude_article180.txt	1	0	0	0	0	0	0	0	0	3	0	0	0	0	0	5	0	0	1	0
crude_article456.txt	1	0	0	0	0	0	0	0	1	11	0	1	0	0	2	6	0	0	3	0
crude_article031.txt	0	0	0	1	4	0	2	0	1	5	6	0	3	4	3	8	0	0	3	2
crude_article140.txt	0	0	0	2	2	0	0	0	0	0	0	0	0	0	0	0	0	0	0	0
crude_article576.txt	0	0	0	0	0	0	0	0	0	5	0	1	0	0	0	3	0	0	0	0
crude_article392.txt	0	0	0	0	0	0	0	0	0	2	0	3	0	0	0	1	0	0	0	0
crude_article522.txt	2	0	0	0	0	0	0	0	0	5	0	0	0	0	0	3	0	0	0	0
crude_article486.txt	0	0	0	0	0	0	0	2	0	3	0	0	0	3	0	4	0	0	0	0
crude_article421.txt	0	4	0	4	2	0	0	0	2	3	0	0	0	0	1	7	0	0	3	0
crude_article047.txt	0	0	0	1	1	0	0	1	0	3	1	0	2	2	0	2	0	0	0	0
crude_article336.txt	1	0	0	0	4	0	0	0	3	3	0	3	1	0	1	7	0	0	0	0
crude_article362.txt	0	0	0	0	1	0	1	0	0	5	0	0	1	0	1	4	0	0	0	1
crude_article444.txt	0	0	0	1	1	0	0	0	2	1	0	0	0	0	0	5	0	0	0	0
crude_article309.txt	1	2	0	0	4	0	1	8	3	9	7	1	0	9	0	7	0	0	0	1
crude_article559.txt	0	0	0	0	1	0	0	1	0	7	1	0	0	3	3	4	0	0	0	0
crude_article515.txt	0	0	0	0	0	0	0	0	0	4	0	0	0	0	0	4	0	0	0	0
crude_article027.txt	0	0	0	3	2	0	0	3	0	5	0	0	0	0	0	9	0	0	2	0
crude_article168.txt	0	0	0	0	0	0	0	0	0	3	0	0	0	0	0	5	0	0	0	0
crude_article509.txt	0	0	0	0	0	0	0	0	0	2	0	0	0	0	0	2	0	0	0	0
crude_article447.txt	0	0	0	2	0	0	1	0	2	4	0	3	0	0	0	4	0	0	0	1
crude_article561.txt	2	0	0	0	9	0	1	0	3	14	0	4	1	3	11	13	0	0	16	2
crude_article101.txt	0	0	0	3	7	0	0	6	4	12	14	0	6	12	3	11	0	0	0	3
crude_article115.txt	0	0	0	0	0	0	0	0	0	1	0	0	0	0	0	1	0	0	1	0
crude_article420.txt	3	0	0	2	0	0	1	0	8	2	0	3	0	0	2	2	1	0	0	7
crude_article139.txt	0	0	0	0	0	0	1	0	0	1	0	0	0	0	0	2	0	0	0	1
crude_article263.txt	1	0	0	1	5	0	0	2	4	7	6	1	2	5	5	6	0	0	1	0
crude_article137.txt	2	0	0	0	0	0	1	0	0	4	0	0	0	0	0	9	0	0	2	0
crude_article158.txt	1	0	0	0	0	0	0	0	0	5	0	0	0	0	0	4	0	0	0	0
crude_article021.txt	0	1	0	0	2	0	2	0	1	8	10	0	2	2	2	7	0	0	2	0
crude_article083.txt	0	0	0	3	1	0	1	0	0	5	0	0	3	2	0	1	0	0	0	0
crude_article167.txt	1	3	0	1	1	0	2	2	4	7	4	0	2	1	3	13	0	0	2	1
crude_article458.txt	0	0	0	0	0	0	3	0	0	12	1	2	0	2	0	4	0	0	2	2
crude_article376.txt	0	0	0	0	0	0	1	0	0	1	0	0	0	0	0	1	0	0	0	0
crude_article518.txt	1	0	0	2	0	0	0	0	0	11	2	1	1	1	4	16	0	0	4	2
crude_article495.txt	0	0	0	1	3	0	3	0	4	4	0	0	0	3	1	8	0	0	0	4
crude_article107.txt	1	3	0	1	8	0	0	6	5	10	8	0	4	8	3	14	0	0	0	1
crude_article072.txt	0	0	0	2	2	0	0	0	0	2	0	0	0	0	0	0	0	0	0	0
crude_article553.txt	0	0	0	0	0	0	1	0	0	1	0	0	0	0	1	5	0	0	1	0
crude_article225.txt	2	5	0	4	5	0	1	0	9	8	0	3	1	0	8	8	0	0	0	4
crude_article410.txt	0	4	0	1	0	0	1	0	2	5	0	0	0	0	0	5	0	0	3	0
crude_article276.txt	0	0	0	0	0	0	0	0	0	2	0	0	0	0	0	2	0	0	0	0
crude_article289.txt	0	0	0	4	2	0	1	0	0	1	0	0	2	0	0	1	0	0	0	0
crude_article260.txt	1	0	0	0	0	0	0	0	0	1	0	0	0	0	0	3	0	0	1	1
crude_article349.txt	0	0	0	0	3	0	3	0	0	5	0	0	0	1	0	2	0	0	0	4
crude_article514.txt	0	6	0	0	0	0	0	0	0	1	0	0	0	0	0	7	0	0	0	0
crude_article094.txt	0	0	0	0	1	0	0	0	0	5	0	0	0	0	0	3	0	0	0	1
crude_article017.txt	0	0	0	0	0	0	0	0	0	3	0	0	0	0	0	7	0	0	0	0
crude_article405.txt	0	0	0	0	0	0	0	0	2	4	0	0	0	0	2	3	0	0	0	1
crude_article012.txt	1	0	0	0	0	0	0	0	0	0	0	3	0	0	0	4	0	0	0	1
crude_article358.txt	0	0	0	2	0	0	2	0	1	5	1	1	0	0	0	1	0	0	0	0
crude_article240.txt	0	0	0	0	0	0	0	0	0	0	0	0	0	0	0	0	0	0	0	0
crude_article570.txt	2	0	0	2	8	0	5	0	9	2	0	3	2	0	5	11	0	0	0	8
crude_article243.txt	0	0	0	3	2	0	1	1	0	5	0	0	2	4	0	3	0	0	0	0
crude_article484.txt	0	0	0	0	0	0	0	0	0	0	0	4	0	0	0	2	0	0	0	0
crude_article344.txt	1	0	0	3	3	0	2	0	0	2	0	0	2	3	0	2	0	0	0	0
crude_article091.txt	0	0	0	3	1	0	0	0	0	1	0	0	1	1	0	2	0	0	0	0
crude_article535.txt	0	4	0	0	0	0	0	0	4	3	5	0	0	1	0	2	0	0	1	0
crude_article407.txt	0	0	0	0	0	0	0	0	2	0	2	0	2	0	0	0	0	0	0	0
crude_article320.txt	0	0	0	0	0	0	0	1	0	3	0	0	0	2	0	2	0	0	0	0
crude_article199.txt	3	0	0	2	5	0	0	1	1	3	0	4	0	1	0	13	1	1	0	2
crude_article268.txt	2	0	3	4	2	0	2	3	1	6	0	0	0	7	0	9	0	1	2	4
crude_article306.txt	1	0	0	0	0	0	0	2	0	3	2	2	0	2	0	3	0	0	0	0
crude_article121.txt	0	0	0	0	0	0	1	0	0	2	0	0	0	0	0	2	0	0	0	0
crude_article408.txt	0	0	0	0	3	0	0	3	0	3	0	0	2	2	0	3	0	0	0	1
crude_article353.txt	0	0	0	6	2	0	1	0	4	4	1	1	0	0	0	4	0	0	4	0
crude_article449.txt	0	0	0	0	0	0	0	1	0	10	3	0	1	3	1	6	0	0	0	1
crude_article062.txt	1	0	0	0	0	0	1	2	0	8	0	2	0	0	0	4	0	0	3	1
crude_article511.txt	0	5	0	3	1	0	0	0	1	9	0	1	0	2	0	12	0	0	1	0
crude_article044.txt	0	0	0	4	5	0	0	0	0	2	0	1	0	1	0	2	0	0	0	0
crude_article439.txt	0	8	0	1	5	0	2	3	8	10	23	1	4	5	6	18	0	0	2	3
crude_article424.txt	0	0	0	3	0	0	5	0	0	3	0	33	1	12	0	7	0	0	0	4
crude_article099.txt	0	0	0	2	2	0	0	0	0	2	0	0	0	0	0	0	0	0	0	0
crude_article464.txt	0	0	0	2	0	0	0	0	6	0	0	0	0	0	0	0	0	0	0	0
crude_article382.txt	1	0	0	0	0	0	0	0	0	10	0	1	0	0	0	8	0	0	1	0
crude_article470.txt	0	2	0	0	0	0	0	0	0	2	0	0	0	0	0	3	0	0	0	1
crude_article438.txt	0	0	0	0	3	0	2	1	3	5	0	1	1	0	0	3	0	0	3	1
crude_article266.txt	0	0	0	0	0	0	0	0	0	4	0	1	0	0	4	2	0	0	0	0
crude_article502.txt	1	0	0	0	0	0	1	0	0	0	0	0	0	0	0	4	0	0	0	1
crude_article111.txt	0	1	0	0	1	0	0	7	1	1	11	0	6	4	6	0	0	0	2	3
crude_article228.txt	0	0	0	0	0	0	0	0	0	2	0	0	0	0	0	0	0	0	0	0
crude_article097.txt	0	5	0	1	3	0	4	1	5	6	1	2	0	1	6	5	3	0	0	7
crude_article075.txt	0	0	0	2	2	0	0	0	0	2	0	0	0	0	0	0	0	0	0	0
crude_article437.txt	2	0	0	1	5	0	1	0	0	3	0	3	3	1	0	7	0	0	10	0
crude_article172.txt	0	0	0	2	0	0	0	0	0	0	0	0	0	2	0	0	0	0	0	0
crude_article069.txt	0	0	0	2	0	0	0	0	0	4	0	0	0	0	0	0	0	0	0	0
crude_article387.txt	0	0	0	1	1	0	1	0	1	6	0	0	0	0	0	3	0	0	2	0
crude_article080.txt	0	0	0	3	1	0	0	0	0	3	0	0	0	1	0	3	0	0	0	0
crude_article414.txt	0	0	0	2	0	0	0	0	0	0	0	0	0	2	0	0	0	0	0	0
crude_article497.txt	0	0	0	0	0	0	0	0	0	2	0	0	0	0	0	0	0	0	0	0
crude_article308.txt	1	0	0	0	0	0	2	0	0	5	2	2	1	1	0	5	0	0	2	5
crude_article352.txt	1	2	0	2	0	0	1	0	0	4	5	0	0	2	0	1	0	0	0	0
crude_article028.txt	0	3	0	3	0	0	0	0	0	4	0	0	0	0	2	2	0	0	1	0
crude_article430.txt	0	1	0	1	0	0	0	0	2	5	0	0	0	0	0	2	0	0	1	0
crude_article400.txt	1	0	0	2	3	0	1	0	0	1	0	0	2	0	0	1	0	0	0	0
crude_article503.txt	0	0	0	0	9	0	1	0	7	7	0	2	0	1	0	12	0	0	1	1
crude_article313.txt	0	18	0	7	0	0	2	1	22	4	7	0	0	2	5	5	0	0	0	0
crude_article380.txt	3	1	0	2	1	0	0	0	1	4	0	0	0	0	1	6	0	0	1	0
crude_article034.txt	0	0	0	0	0	0	0	0	0	0	0	0	0	0	0	0	0	0	0	0
crude_article291.txt	0	0	0	0	0	0	0	0	0	2	0	0	0	0	0	2	0	0	0	0
crude_article471.txt	0	0	0	0	0	0	0	0	0	4	0	0	0	0	0	3	0	0	2	0
crude_article482.txt	0	7	0	3	0	0	1	0	14	3	0	8	0	0	1	6	0	0	0	7
crude_article363.txt	1	2	0	2	3	0	1	0	4	2	0	0	0	0	0	3	0	0	3	0
crude_article271.txt	0	1	0	2	0	0	0	0	14	3	0	2	0	0	0	4	0	0	0	0
crude_article081.txt	0	0	0	2	1	0	0	0	0	1	0	0	1	1	0	2	0	0	0	0
crude_article154.txt	0	0	0	2	1	0	1	0	0	2	0	0	2	2	0	2	0	0	0	0
crude_article092.txt	0	0	0	2	0	0	0	0	0	2	0	0	0	0	0	0	0	0	0	0
crude_article275.txt	0	0	0	0	0	0	0	0	1	1	0	0	0	0	0	1	0	0	0	0
crude_article237.txt	0	0	0	0	2	0	0	0	0	2	0	0	0	0	0	0	0	0	0	0
crude_article404.txt	0	0	0	0	0	0	0	0	2	4	0	0	0	0	2	3	0	0	0	1
crude_article292.txt	1	20	0	1	0	0	1	0	13	3	6	0	1	2	2	0	0	0	0	0
crude_article256.txt	4	15	0	3	0	0	3	1	11	8	4	4	0	2	3	11	8	0	0	8
crude_article102.txt	0	0	0	1	3	0	1	0	3	6	0	0	2	1	0	7	0	0	4	1
crude_article162.txt	0	0	0	0	0	0	0	0	0	2	0	0	0	0	0	6	0	0	2	0
crude_article188.txt	0	2	0	4	0	0	0	0	0	3	0	0	0	0	0	5	0	0	2	0
crude_article304.txt	1	0	0	0	1	0	3	0	1	4	1	2	0	1	0	1	0	0	0	1
crude_article386.txt	0	6	0	4	0	0	0	0	0	2	0	1	0	0	0	8	0	0	1	0
crude_article202.txt	0	0	0	0	0	0	1	0	0	2	0	0	0	0	0	5	0	0	2	0
crude_article073.txt	0	0	0	3	1	0	0	0	0	4	0	1	0	0	0	2	0	0	0	0
crude_article450.txt	1	0	0	0	0	0	1	1	0	5	2	0	0	0	0	9	0	0	0	1
crude_article543.txt	0	3	0	3	1	0	6	0	15	10	3	4	2	5	4	13	1	0	3	8
crude_article201.txt	0	0	0	2	3	0	0	1	0	2	0	2	0	0	0	4	0	1	0	0
crude_article187.txt	0	0	0	1	0	0	0	0	3	4	0	5	0	0	2	4	0	0	1	0
crude_article057.txt	0	0	0	1	0	0	0	1	1	2	0	0	0	0	0	2	0	0	0	0
crude_article524.txt	3	0	0	0	0	0	2	0	0	7	0	0	0	0	0	8	0	0	0	1
crude_article512.txt	3	0	0	0	0	0	1	0	0	6	0	1	1	0	0	9	0	0	0	2
crude_article138.txt	0	0	0	0	0	0	0	0	1	1	0	0	0	0	0	4	0	0	0	0
crude_article161.txt	1	0	0	0	0	0	0	0	0	4	0	0	0	0	0	10	0	0	2	0
crude_article302.txt	0	3	0	2	1	0	1	1	5	1	2	0	0	1	2	0	2	0	0	1
crude_article428.txt	0	1	0	1	2	0	0	0	3	2	0	0	0	0	0	4	0	0	1	0
crude_article220.txt	0	0	0	0	0	0	0	0	0	0	0	1	0	0	2	3	0	0	0	0
crude_article218.txt	1	1	0	6	0	0	2	0	7	5	0	3	0	0	0	10	0	0	0	4
crude_article517.txt	1	0	0	0	0	0	1	0	0	5	0	7	1	1	0	4	0	0	0	2
crude_article036.txt	0	0	0	0	2	0	2	0	0	0	0	9	0	0	0	3	0	0	0	2
crude_article390.txt	0	0	0	2	2	0	0	0	0	0	0	0	0	0	0	0	0	0	0	0
crude_article539.txt	1	0	0	0	0	0	0	0	1	3	0	3	0	0	1	3	0	0	0	0
crude_article013.txt	1	0	0	6	6	0	1	0	0	5	0	5	0	5	0	0	0	0	0	0
crude_article357.txt	1	0	0	3	1	0	4	0	3	8	3	1	0	0	1	8	0	0	2	0
crude_article129.txt	1	0	0	0	1	0	0	0	1	4	0	0	0	1	0	7	0	0	4	0
crude_article401.txt	0	0	0	2	2	0	0	0	0	2	0	0	0	2	0	0	0	0	0	0
crude_article156.txt	0	0	0	2	0	0	0	0	0	2	0	0	0	2	0	0	0	0	0	0
crude_article366.txt	0	0	0	3	0	0	0	0	9	2	0	0	0	0	0	4	0	0	0	0
crude_article454.txt	0	1	0	3	0	0	0	0	0	5	0	2	0	0	0	6	0	0	4	0
crude_article068.txt	0	0	0	2	0	0	0	0	0	2	0	0	0	0	0	0	0	0	0	0
crude_article333.txt	0	0	0	0	0	0	0	0	0	2	0	0	0	0	0	0	0	0	0	0
crude_article006.txt	1	0	0	0	0	0	0	1	0	1	0	0	1	3	0	2	0	0	0	0
crude_article251.txt	0	0	0	0	1	0	0	0	5	1	0	1	0	0	0	3	0	0	0	0
crude_article173.txt	0	0	0	1	3	0	0	0	0	3	0	0	0	3	0	2	0	0	1	0
crude_article519.txt	0	0	0	0	5	0	0	0	4	0	0	0	0	0	0	1	0	0	0	0
crude_article025.txt	1	3	0	3	1	0	3	4	3	8	5	2	0	2	3	6	2	0	0	2
crude_article196.txt	0	4	0	1	0	0	2	0	2	4	0	2	0	0	1	2	0	0	0	2
crude_article365.txt	0	0	0	2	0	0	0	0	4	0	0	0	0	0	0	0	0	0	0	0
crude_article118.txt	1	0	0	0	1	0	1	0	0	6	0	0	0	0	0	3	0	0	2	2
crude_article572.txt	0	0	0	0	0	0	0	0	0	1	0	0	0	0	0	1	0	0	0	0
crude_article569.txt	0	1	0	6	12	0	0	0	8	9	1	4	2	3	4	12	0	0	1	0
crude_article487.txt	0	0	0	0	0	0	0	0	0	4	0	5	0	0	0	3	0	0	0	1
crude_article364.txt	0	0	0	2	2	0	0	0	0	0	0	0	0	2	0	0	0	0	0	0
crude_article527.txt	2	0	0	0	0	0	2	0	0	4	0	0	0	0	0	5	0	0	0	1
crude_article133.txt	0	0	0	3	1	0	1	0	0	3	0	0	1	1	0	1	0	0	0	0
crude_article157.txt	0	0	0	0	0	0	0	0	0	1	0	0	0	0	0	3	0	0	1	0
crude_article343.txt	1	0	0	0	0	0	0	0	0	6	1	0	0	1	2	7	0	0	0	0
crude_article095.txt	0	0	0	0	1	0	0	0	0	2	0	2	0	0	1	4	0	0	0	0
crude_article186.txt	0	0	0	0	1	0	1	0	2	4	0	0	0	0	0	2	0	0	0	3
crude_article041.txt	0	0	0	0	0	0	0	0	0	8	0	0	0	0	0	4	0	0	1	0
crude_article433.txt	0	0	0	0	0	0	0	0	0	2	2	0	0	0	0	0	0	0	0	0
crude_article152.txt	1	0	0	0	0	0	0	0	0	2	0	0	0	0	0	1	0	0	0	0
crude_article122.txt	0	3	0	1	1	0	0	0	3	3	2	0	1	3	0	4	0	0	2	0
crude_article246.txt	0	0	0	0	0	0	0	0	1	0	0	1	0	0	0	4	1	0	0	0
crude_article117.txt	0	6	0	4	0	0	1	0	2	1	3	0	0	0	3	5	0	0	0	2
crude_article468.txt	1	0	0	3	0	0	0	1	0	4	0	0	2	1	2	4	0	0	2	0
crude_article165.txt	0	0	0	3	2	0	1	0	0	3	0	0	1	1	0	1	0	0	0	0
crude_article338.txt	0	0	0	0	0	0	0	0	0	1	0	0	0	0	0	4	0	0	0	0
crude_article007.txt	0	0	0	2	0	0	0	0	2	0	0	0	0	0	0	0	0	0	0	0
crude_article163.txt	1	0	0	0	0	0	0	0	0	3	0	0	0	0	1	2	0	0	0	0
crude_article055.txt	0	0	0	4	0	0	0	2	0	6	0	1	0	2	0	9	0	0	0	0
crude_article210.txt	0	0	0	0	0	0	0	0	0	1	0	0	0	0	0	3	0	0	1	0
crude_article361.txt	0	0	0	0	0	0	0	0	1	3	0	0	0	0	0	1	0	0	0	1
crude_article510.txt	2	0	0	0	2	0	0	0	2	10	0	9	0	0	2	6	0	0	1	0
crude_article477.txt	0	0	0	0	0	0	0	0	1	5	0	1	0	0	3	3	0	0	1	0
crude_article322.txt	1	0	0	1	0	0	0	0	0	3	1	1	0	0	1	1	0	0	1	0
crude_article500.txt	0	0	0	1	0	0	0	0	1	1	0	0	0	0	1	2	0	0	0	0
crude_article151.txt	0	0	0	0	0	0	0	0	0	1	0	0	0	0	0	3	0	0	0	0
crude_article141.txt	1	0	0	3	3	0	1	0	0	3	0	0	1	1	0	3	0	0	0	0
crude_article413.txt	0	0	0	0	0	0	0	0	0	2	0	0	0	0	0	2	0	0	0	0
crude_article014.txt	0	0	0	0	1	0	0	0	1	4	0	1	0	0	0	2	0	0	0	0
crude_article310.txt	1	0	0	0	0	0	0	0	0	1	0	0	0	0	0	5	0	0	0	0
crude_article350.txt	0	0	0	0	0	0	0	1	0	5	0	0	0	0	4	4	0	0	2	2
crude_article059.txt	1	0	0	0	0	0	0	0	0	1	0	1	0	0	0	1	0	0	1	0
crude_article124.txt	0	0	0	0	1	0	0	0	0	4	8	0	2	5	2	5	0	0	2	0
crude_article193.txt	0	0	0	0	10	0	0	0	0	7	0	1	2	0	0	7	0	0	2	0
crude_article015.txt	0	0	0	0	0	0	0	0	0	0	0	0	0	0	0	0	0	0	0	0
crude_article190.txt	3	0	0	0	3	0	0	1	0	8	1	7	4	2	1	13	0	0	3	1
crude_article284.txt	0	7	0	3	0	0	1	0	14	3	0	8	0	0	1	6	0	0	0	7
crude_article224.txt	0	0	0	0	3	0	0	0	4	3	0	1	0	1	1	4	0	0	4	1
crude_article043.txt	0	0	0	1	2	0	0	0	0	3	0	0	1	1	0	3	0	0	2	0
crude_article039.txt	0	2	0	2	0	0	0	0	0	0	0	0	0	0	0	0	0	0	0	0
crude_article042.txt	1	4	0	1	0	0	1	0	0	2	0	0	0	0	0	4	0	0	0	0
crude_article164.txt	0	0	0	0	0	0	0	0	0	0	0	0	0	0	0	0	0	0	0	0
crude_article232.txt	1	0	0	1	0	0	0	1	0	2	0	0	0	1	0	2	0	0	0	1
crude_article426.txt	0	4	0	2	2	0	0	0	3	3	0	0	0	0	0	4	0	0	1	0
crude_article058.txt	0	0	0	2	0	0	0	0	6	0	0	0	0	0	0	0	0	0	0	0
crude_article105.txt	0	0	0	0	0	0	0	0	0	4	0	3	0	0	2	4	0	0	1	0
crude_article573.txt	0	0	0	0	0	0	0	0	0	1	0	0	0	0	0	1	0	0	0	0
crude_article411.txt	0	0	0	0	3	0	0	3	0	3	0	0	2	2	0	3	0	0	0	1
crude_article136.txt	0	0	0	0	0	0	1	0	6	9	0	0	0	0	1	2	5	0	1	4
crude_article422.txt	1	0	0	0	1	0	0	0	3	6	0	1	1	2	0	2	0	0	2	0
crude_article457.txt	0	0	0	0	0	0	0	0	1	2	0	1	0	0	0	3	0	0	0	0
crude_article467.txt	0	0	0	0	0	0	2	0	0	1	0	0	0	0	0	2	0	0	0	2
crude_article311.txt	0	0	0	0	0	0	0	0	1	4	0	0	0	0	2	3	0	0	1	0
crude_article429.txt	0	0	0	1	0	0	0	0	2	5	0	0	0	0	0	4	0	0	2	0
crude_article184.txt	0	0	0	0	0	0	0	0	0	3	0	0	0	0	0	6	0	0	1	0
crude_article513.txt	0	2	0	2	4	0	0	0	0	7	0	6	1	1	1	6	0	0	4	1
crude_article489.txt	0	0	0	0	1	0	0	0	1	7	0	1	0	0	2	3	0	0	2	1
crude_article030.txt	0	4	0	3	2	0	0	0	3	5	2	0	0	0	0	7	0	0	0	1
crude_article238.txt	0	0	0	2	2	0	0	0	0	0	0	0	0	2	0	0	0	0	0	0
crude_article191.txt	3	0	0	1	11	0	4	4	2	18	1	4	2	3	0	20	0	0	4	5
crude_article542.txt	0	0	0	0	4	0	0	0	5	8	0	0	0	0	0	4	0	0	4	0
crude_article206.txt	0	0	0	0	0	0	1	0	0	2	0	0	0	0	0	3	0	0	1	0
crude_article205.txt	1	0	0	0	0	0	0	0	0	1	0	0	0	0	0	4	0	0	0	0
crude_article146.txt	0	0	0	0	0	0	0	0	0	4	0	0	0	0	0	3	0	0	0	0
crude_article112.txt	0	9	0	2	1	0	0	0	10	2	9	0	1	3	2	8	0	0	3	1
crude_article493.txt	0	0	0	5	0	0	3	0	4	5	0	7	0	0	5	5	0	0	0	7
crude_article369.txt	1	0	0	0	6	0	3	2	11	6	0	5	0	0	0	5	0	0	0	2
crude_article159.txt	0	0	0	0	0	0	1	0	0	2	0	0	0	0	0	5	0	0	1	0
crude_article303.txt	1	7	0	2	2	0	4	0	4	7	9	0	2	5	1	10	0	0	1	1
crude_article530.txt	0	0	0	0	5	0	0	0	10	5	0	2	0	0	1	8	0	0	3	2
crude_article479.txt	0	0	0	0	0	0	1	1	2	0	0	0	0	0	2	5	1	0	1	1
crude_article466.txt	1	1	0	0	1	0	1	0	1	6	5	1	0	2	2	2	0	0	0	2
crude_article399.txt	0	0	0	2	2	0	0	0	0	0	0	0	0	0	0	0	0	0	0	0
crude_article540.txt	1	0	0	0	1	0	1	0	0	9	0	1	0	0	0	7	0	0	1	0
crude_article119.txt	0	0	0	0	1	0	0	0	1	1	0	0	0	0	0	6	0	0	0	0
crude_article052.txt	1	0	0	2	2	0	0	0	0	8	3	0	3	3	0	6	0	0	2	1
crude_article227.txt	1	0	0	0	1	0	0	0	1	4	0	0	0	0	0	6	0	0	0	0
crude_article295.txt	0	0	0	4	1	0	0	0	0	4	0	0	0	2	0	2	0	0	0	0
crude_article334.txt	0	0	0	2	0	0	0	0	0	0	0	0	0	2	0	2	0	0	0	0
crude_article575.txt	0	0	0	0	0	0	0	0	5	4	0	0	0	0	0	3	0	0	0	1
crude_article529.txt	1	0	0	2	0	0	1	0	0	7	0	3	0	1	0	6	0	0	1	0
crude_article046.txt	0	0	0	1	0	0	1	0	0	2	0	1	0	0	0	4	0	0	0	0
crude_article037.txt	0	0	0	0	0	0	3	0	0	0	0	0	0	0	0	2	0	0	0	2
crude_article474.txt	1	0	0	0	6	0	4	2	2	9	0	1	1	5	1	10	0	0	1	8
crude_article574.txt	0	0	0	1	0	0	0	0	0	4	0	0	0	0	0	3	0	0	1	1
crude_article520.txt	0	0	0	0	0	0	1	0	0	2	0	0	0	0	0	6	0	0	0	0
crude_article528.txt	0	0	0	0	0	0	2	0	0	0	0	0	0	0	0	2	0	0	0	3
crude_article064.txt	0	0	0	4	0	0	1	0	0	3	0	4	0	0	0	2	0	0	0	0
crude_article135.txt	0	0	0	0	0	0	0	0	0	1	0	0	0	0	0	4	0	0	0	0
crude_article198.txt	0	0	0	1	3	0	3	0	0	2	0	5	2	1	0	5	0	0	0	4
crude_article346.txt	1	0	0	0	1	0	1	1	1	7	4	0	1	3	2	3	0	0	0	1
crude_article367.txt	1	0	0	2	2	0	0	0	0	1	0	0	1	1	0	1	0	0	0	0
crude_article490.txt	1	0	0	0	2	0	1	0	1	4	0	1	0	1	4	6	0	0	9	2
crude_article269.txt	0	0	0	2	0	0	0	0	4	0	0	0	0	0	0	0	0	0	0	0
crude_article305.txt	1	10	0	1	1	0	0	4	8	3	19	2	1	5	1	20	0	0	4	1
crude_article018.txt	0	0	0	0	0	0	0	0	2	2	0	5	0	0	0	2	0	0	0	0
crude_article475.txt	0	4	0	0	4	0	1	0	2	14	1	4	0	5	8	9	0	0	2	2
crude_article209.txt	0	0	0	0	4	0	3	0	0	5	1	1	0	2	1	5	0	0	3	4
crude_article326.txt	0	0	0	0	0	0	0	0	0	2	0	0	0	0	0	3	0	0	0	1
crude_article086.txt	0	0	0	2	1	0	0	0	0	1	0	0	2	1	0	2	0	0	0	0
crude_article383.txt	1	0	0	0	3	0	0	0	2	6	0	2	0	1	0	7	0	0	0	0
crude_article321.txt	1	0	0	1	0	0	1	1	0	8	2	0	0	8	2	7	0	0	0	0
crude_article104.txt	1	0	0	0	0	0	0	0	0	1	0	0	0	0	0	5	0	0	3	1
crude_article448.txt	0	0	0	1	0	0	0	0	0	1	0	0	0	0	0	3	0	0	0	0
crude_article319.txt	5	7	0	4	9	0	0	3	7	19	10	0	7	8	2	14	1	0	1	2
crude_article555.txt	2	0	0	2	1	0	0	1	3	5	0	0	0	0	0	3	0	0	0	0
crude_article242.txt	0	0	0	0	0	0	1	0	1	2	0	0	0	0	0	3	0	0	1	0
crude_article465.txt	0	2	0	2	0	0	0	0	15	3	0	2	0	0	0	4	0	0	0	0
crude_article244.txt	0	0	0	0	0	0	0	0	1	1	0	1	0	0	0	2	1	0	0	0
crude_article335.txt	0	0	0	0	0	0	0	0	3	3	0	0	0	0	0	1	0	0	0	1
crude_article026.txt	0	0	0	0	0	0	0	0	1	2	0	3	0	0	0	3	0	0	0	0
crude_article235.txt	0	0	0	2	0	0	0	0	4	0	0	0	0	0	0	0	0	0	0	0
crude_article440.txt	0	0	0	1	0	0	0	0	2	5	0	0	0	0	0	4	0	0	2	0
crude_article485.txt	1	1	0	0	4	0	3	0	2	10	4	4	1	5	1	7	0	0	1	4
crude_article149.txt	0	2	0	0	0	0	1	1	0	1	3	0	0	0	1	3	0	0	1	0
crude_article175.txt	0	0	0	0	2	0	0	0	0	2	0	0	0	0	0	2	0	0	0	0
crude_article274.txt	0	1	0	6	4	0	6	0	5	19	0	3	0	7	7	16	0	0	1	6
crude_article462.txt	0	0	0	0	2	0	0	2	0	2	5	0	3	1	0	4	0	0	0	0
crude_article287.txt	0	0	0	2	1	0	0	1	0	2	5	0	2	6	1	5	0	0	0	0
crude_article412.txt	0	0	0	0	2	0	0	1	2	0	7	0	4	1	3	3	0	0	2	0
crude_article505.txt	0	0	0	0	0	0	0	1	0	1	0	0	0	0	0	2	0	0	0	0
crude_article379.txt	1	5	0	1	2	0	2	1	5	11	7	0	0	5	4	10	0	0	1	2
crude_article100.txt	0	0	0	4	1	0	0	0	0	2	0	0	2	1	0	2	0	0	0	0
crude_article132.txt	0	0	0	0	0	0	1	0	0	2	0	0	0	0	0	3	0	0	0	0
crude_article215.txt	0	1	0	4	4	0	0	0	4	2	0	1	1	0	0	1	0	0	0	2
crude_article259.txt	0	1	0	2	0	0	0	0	13	3	0	2	0	0	0	4	0	0	0	0
crude_article192.txt	2	0	0	0	2	0	0	0	0	6	0	2	0	0	1	11	0	0	1	0
crude_article441.txt	1	0	0	3	5	0	0	0	0	4	0	0	1	3	0	4	0	0	0	0
crude_article000.txt	1	0	0	0	0	0	0	0	2	2	0	3	0	0	0	4	0	0	0	2
crude_article127.txt	1	0	0	0	0	0	0	0	1	5	0	1	0	0	1	4	0	0	0	0
crude_article197.txt	1	0	0	1	6	0	0	0	0	8	0	4	2	7	1	12	0	0	2	2
crude_article491.txt	0	0	0	0	0	0	0	0	0	2	0	0	0	0	0	0	0	0	0	0
crude_article272.txt	0	0	0	2	2	0	0	0	0	2	0	0	0	0	0	0	0	0	0	0
crude_article339.txt	1	0	0	5	5	0	0	0	0	4	0	1	2	1	0	3	0	0	0	0
crude_article010.txt	0	0	0	2	3	0	0	0	0	0	0	0	0	0	0	3	0	0	0	0
crude_article443.txt	0	0	0	1	0	0	0	0	0	1	0	0	0	0	0	1	0	0	0	0
crude_article560.txt	0	0	0	1	1	0	0	0	1	3	0	0	0	0	0	2	0	0	0	0
crude_article504.txt	0	0	0	0	0	0	0	0	0	1	0	0	0	1	0	2	0	0	2	0
crude_article431.txt	1	0	0	0	3	0	2	0	4	8	0	1	0	0	2	6	2	0	2	4
crude_article216.txt	0	1	0	4	4	0	0	0	4	2	0	1	1	0	0	1	0	0	0	2
crude_article516.txt	0	0	0	0	0	0	0	0	0	1	0	0	0	0	0	10	0	0	3	0
crude_article425.txt	0	0	0	2	2	0	0	0	0	0	0	0	0	2	0	0	0	0	0	0
crude_article473.txt	0	0	0	0	0	0	2	0	0	1	0	0	0	0	0	1	0	0	0	0
crude_article347.txt	1	2	0	0	0	0	1	0	2	6	8	0	3	3	0	5	0	0	1	1
crude_article435.txt	2	0	0	1	1	0	3	0	0	7	2	2	0	5	0	4	0	0	0	3
crude_article455.txt	0	0	0	0	0	0	0	0	0	2	0	0	0	0	0	0	0	0	0	0
crude_article281.txt	0	0	0	2	0	0	0	0	4	0	0	0	0	0	0	0	0	0	0	0
crude_article496.txt	0	2	0	0	1	0	0	0	1	3	1	0	0	0	2	1	0	0	0	0
crude_article446.txt	1	0	0	0	0	0	0	0	2	11	0	5	0	0	2	7	0	0	1	1
crude_article434.txt	0	8	0	1	5	0	2	3	8	10	24	1	4	5	6	18	0	0	2	3
crude_article549.txt	0	8	0	2	4	0	3	1	6	7	0	4	2	0	1	6	0	0	0	4
crude_article273.txt	0	0	0	2	0	0	1	0	16	2	0	0	0	0	0	2	0	0	0	0
crude_article203.txt	1	0	0	0	0	0	0	0	0	1	0	0	0	0	0	2	0	0	1	0
crude_article183.txt	0	0	0	0	0	0	0	0	0	2	0	0	0	0	0	0	0	0	0	0
crude_article148.txt	0	0	0	1	1	0	2	0	3	9	0	0	0	2	1	5	0	0	1	1
crude_article178.txt	0	0	0	0	0	0	0	0	0	6	0	0	0	0	0	10	0	0	0	0
crude_article174.txt	1	0	0	0	0	0	1	0	0	1	0	0	0	0	0	4	0	0	1	1
crude_article189.txt	0	0	0	0	0	0	0	0	6	4	0	10	0	0	2	2	0	0	0	2
crude_article222.txt	0	2	0	4	0	0	1	0	3	11	5	2	0	4	2	9	0	0	0	1
crude_article185.txt	0	2	0	0	0	0	0	0	0	3	0	0	0	0	0	5	0	0	0	2
crude_article219.txt	0	3	0	3	0	0	0	0	1	4	1	1	0	0	0	4	0	0	0	0
crude_article340.txt	0	0	0	3	5	0	0	0	5	5	1	0	0	0	0	7	0	0	2	0
crude_article436.txt	2	15	0	5	0	0	0	0	7	5	5	0	1	4	2	8	0	0	0	0
crude_article348.txt	0	0	0	2	0	0	1	1	0	5	2	0	0	1	0	1	0	0	1	0
crude_article089.txt	0	0	0	2	2	0	0	0	0	2	0	0	0	0	0	0	0	0	0	0
crude_article226.txt	3	0	0	1	11	0	0	2	5	2	0	3	0	1	0	6	0	0	1	5
crude_article469.txt	1	3	0	4	3	0	1	0	0	4	1	3	0	4	4	9	0	0	3	1
crude_article452.txt	0	0	0	0	0	0	0	0	5	3	0	2	0	0	0	2	0	0	0	2
crude_article109.txt	0	1	0	0	0	0	2	0	1	5	3	0	0	1	1	4	0	0	1	0
crude_article113.txt	0	4	0	0	0	0	1	0	5	2	3	0	0	0	1	0	0	0	0	2
crude_article066.txt	3	2	0	2	1	0	1	3	4	7	18	0	4	13	1	3	0	0	1	3
crude_article255.txt	4	18	0	5	0	0	3	2	28	10	5	5	0	2	3	10	6	0	0	9
crude_article307.txt	1	1	0	2	1	0	0	1	2	3	6	0	0	2	3	4	0	0	0	0
crude_article544.txt	0	0	0	0	1	0	1	0	0	3	0	4	0	0	0	4	0	0	1	1
crude_article085.txt	0	0	0	2	2	0	0	0	0	1	0	0	2	0	0	1	0	0	0	0
crude_article548.txt	1	0	0	2	1	0	0	0	1	1	0	0	0	3	2	3	0	0	0	1
crude_article212.txt	2	0	0	1	1	0	2	1	0	5	0	6	1	2	0	8	0	0	1	4
crude_article406.txt	1	4	0	4	0	0	1	0	1	6	1	0	0	0	1	6	0	0	1	0
crude_article254.txt	0	0	0	0	0	0	0	0	0	0	0	0	0	0	0	0	0	0	0	0
crude_article282.txt	0	0	0	3	0	0	0	0	9	2	0	0	0	0	0	4	0	0	0	0
crude_article053.txt	1	0	0	0	2	0	0	0	0	8	0	0	0	3	4	6	0	0	0	1
crude_article098.txt	1	2	0	1	2	0	2	3	3	3	8	0	2	2	1	6	0	0	0	2
crude_article221.txt	2	0	0	1	2	0	2	0	1	12	0	2	1	4	0	5	0	0	2	2
crude_article423.txt	0	0	0	1	0	0	1	0	0	2	0	12	1	6	0	3	0	0	0	1
crude_article145.txt	0	0	0	0	0	0	0	0	0	1	0	0	0	0	0	1	0	0	2	0
crude_article155.txt	0	0	0	2	3	0	1	0	0	3	0	0	3	1	0	2	0	0	0	0
crude_article288.txt	0	0	0	3	1	0	1	0	0	2	0	0	2	0	0	1	0	0	0	0
crude_article552.txt	0	0	0	2	0	0	0	0	6	0	0	0	0	0	0	0	0	0	0	0
crude_article024.txt	0	0	0	1	2	0	1	0	2	3	0	0	0	0	0	3	0	0	0	0
crude_article267.txt	0	4	0	0	0	0	1	4	4	12	16	0	1	6	6	11	0	0	1	0
crude_article463.txt	0	0	0	0	0	0	1	0	0	4	0	0	0	1	1	4	0	0	2	0
crude_article022.txt	4	0	0	2	0	0	5	0	0	12	0	0	0	0	0	17	0	0	4	0
crude_article153.txt	0	0	0	0	0	0	0	0	0	1	0	0	0	0	0	2	0	0	0	1
crude_article355.txt	0	5	0	3	4	0	4	2	2	6	19	0	4	10	2	13	0	0	3	2
crude_article023.txt	0	1	0	0	2	0	2	0	1	8	10	0	2	2	2	5	0	0	2	0
crude_article377.txt	1	3	0	9	6	0	1	1	1	8	11	0	6	9	1	14	0	0	3	1
crude_article567.txt	0	0	0	2	0	0	0	0	6	0	0	0	0	0	0	0	0	0	0	0
crude_article327.txt	0	0	0	0	0	0	1	0	0	3	0	0	0	0	0	2	0	0	0	1
crude_article079.txt	0	0	0	2	1	0	0	0	0	1	0	0	0	1	0	3	0	0	0	0
crude_article204.txt	2	0	0	0	0	0	2	0	0	1	0	11	1	2	0	3	0	0	0	2
crude_article213.txt	0	1	0	0	0	0	0	0	0	1	0	0	0	0	0	3	0	0	0	0
crude_article330.txt	0	0	0	0	6	0	2	0	0	4	1	20	2	3	1	22	0	0	5	7
crude_article577.txt	0	0	0	0	1	0	0	0	0	9	0	1	2	0	0	5	0	0	0	0
crude_article065.txt	0	0	0	3	1	0	1	1	0	3	2	4	0	1	3	5	0	0	0	0
crude_article071.txt	0	0	0	4	2	0	0	0	0	2	0	2	2	0	0	1	0	0	0	0
crude_article128.txt	1	0	0	0	1	0	0	0	0	14	1	0	1	0	3	12	0	0	4	0
crude_article002.txt	1	0	0	0	0	0	2	0	0	2	0	0	0	0	0	6	0	0	2	0
crude_article550.txt	1	0	0	1	12	1	0	1	9	6	0	2	0	3	0	9	0	0	0	1
crude_article403.txt	0	3	0	1	0	0	1	1	2	9	0	0	0	1	0	6	0	0	0	0
crude_article262.txt	0	1	0	0	0	0	0	0	0	0	0	0	0	0	0	5	0	0	1	0
crude_article038.txt	1	0	0	0	0	0	1	0	0	2	0	0	0	0	0	5	0	0	2	2
crude_article230.txt	0	0	0	0	2	0	0	0	0	3	0	0	1	0	0	3	0	0	1	0
crude_article324.txt	0	3	0	4	5	0	3	0	4	8	1	1	0	1	0	7	0	0	4	1
crude_article033.txt	0	5	0	0	0	0	0	0	2	2	0	0	1	1	0	7	0	0	2	0
crude_article409.txt	0	0	0	0	2	0	0	1	2	0	7	0	4	1	3	3	0	0	2	0
crude_article003.txt	2	0	0	0	0	0	1	0	0	1	0	0	0	0	0	8	0	0	0	0
crude_article318.txt	0	2	0	2	0	0	1	0	0	3	0	0	0	0	0	2	0	0	0	0
crude_article532.txt	0	4	0	0	0	0	0	0	4	3	5	0	0	1	0	2	0	0	1	0
crude_article331.txt	0	2	0	0	1	0	0	0	7	6	0	2	0	0	8	11	0	0	2	0
crude_article523.txt	1	0	0	0	0	0	0	0	0	6	0	0	0	0	0	11	0	0	4	0
crude_article373.txt	0	0	0	0	1	0	0	0	0	5	0	0	0	0	0	0	0	0	2	0
crude_article253.txt	0	0	0	0	0	0	1	0	0	5	0	0	0	0	0	2	0	0	0	1
crude_article521.txt	0	0	0	0	0	0	0	0	0	2	0	0	0	0	0	0	0	0	0	0
crude_article126.txt	0	0	0	0	0	0	0	0	0	2	0	0	0	0	0	1	0	0	1	0
crude_article372.txt	0	0	0	0	1	0	0	0	0	5	0	0	0	0	0	0	0	0	2	0
crude_article194.txt	1	0	0	0	11	0	6	0	5	6	0	0	1	1	1	4	0	0	0	8
crude_article207.txt	0	0	0	0	0	0	2	0	0	1	0	0	0	0	0	3	0	0	2	0
crude_article008.txt	0	0	0	3	0	0	0	0	8	2	0	0	0	0	0	4	0	0	0	0
crude_article150.txt	0	0	0	0	0	0	2	0	0	1	0	0	0	0	0	4	0	0	0	0
crude_article035.txt	0	0	0	0	0	0	0	0	0	3	0	0	0	0	1	2	0	0	2	0
crude_article277.txt	0	0	0	1	4	0	3	0	1	6	2	0	0	2	1	4	0	0	0	1
crude_article264.txt	1	0	0	0	0	0	0	0	0	5	0	0	0	0	0	3	0	0	1	0
crude_article108.txt	1	0	0	0	1	0	3	1	0	10	1	0	0	1	0	7	0	0	1	1
crude_article300.txt	0	0	0	0	0	0	1	0	0	3	0	0	0	0	0	3	0	0	1	0
crude_article016.txt	0	2	0	2	0	0	0	0	0	3	0	0	0	0	0	3	0	0	0	0
crude_article009.txt	0	9	0	2	0	0	1	0	18	2	0	10	0	0	0	5	0	0	0	7
crude_article169.txt	0	0	0	0	0	0	1	0	0	1	0	0	0	0	0	3	0	0	0	0
crude_article223.txt	3	0	0	0	11	0	1	1	10	8	0	1	3	2	2	15	0	0	5	4
crude_article160.txt	1	0	0	0	0	0	0	0	0	3	0	1	0	0	0	10	0	0	1	0
crude_article070.txt	0	0	0	2	2	0	0	0	0	2	0	0	0	2	0	0	0	0	0	0
crude_article116.txt	0	1	0	3	0	0	0	1	4	9	0	1	1	0	0	9	0	0	4	0
crude_article418.txt	1	0	0	0	5	0	0	0	1	2	0	1	0	0	2	7	0	0	1	2
crude_article371.txt	1	1	0	1	0	0	2	1	0	2	3	0	0	0	0	2	0	0	3	0
crude_article565.txt	0	2	0	2	0	0	0	0	0	1	0	0	0	0	0	1	0	0	1	0
crude_article537.txt	2	0	0	0	1	0	0	4	2	2	8	0	5	2	1	5	0	0	3	0
crude_article417.txt	1	0	0	0	1	0	0	0	3	5	0	1	1	2	0	2	0	0	2	0
crude_article332.txt	0	0	0	0	1	0	1	0	1	3	0	1	0	0	1	3	0	0	1	0
crude_article545.txt	1	0	0	0	0	0	0	0	0	1	0	0	0	0	0	4	0	0	1	0
crude_article525.txt	1	0	0	1	1	0	0	0	0	10	0	1	2	1	1	3	0	0	1	0
crude_article248.txt	0	1	0	1	0	0	1	0	2	5	0	0	0	0	0	2	0	0	0	0
crude_article360.txt	1	0	0	1	11	0	1	2	9	24	0	0	2	4	1	13	0	0	0	1
crude_article142.txt	1	0	0	3	2	0	1	0	0	3	0	0	1	1	0	2	0	0	0	0
crude_article508.txt	1	0	0	0	4	0	5	0	3	8	1	1	0	3	0	8	0	0	3	2
crude_article182.txt	0	0	0	0	0	0	0	0	0	2	0	0	0	0	0	0	0	0	0	0
crude_article396.txt	0	0	0	2	2	0	0	0	0	0	0	0	0	2	0	0	0	0	0	0
crude_article478.txt	0	3	0	2	2	0	0	0	3	3	0	2	0	1	2	2	0	0	0	2
crude_article432.txt	2	0	0	0	0	0	1	0	0	2	0	4	0	1	0	2	0	0	1	1
crude_article395.txt	0	0	0	0	0	0	1	0	0	4	0	5	0	0	0	1	0	0	3	4
crude_article279.txt	2	0	0	0	1	0	0	0	0	13	0	1	2	0	4	5	0	0	3	0
crude_article554.txt	0	0	0	0	0	0	0	0	0	5	0	0	0	0	1	4	0	0	2	1
crude_article354.txt	1	0	0	1	2	0	1	1	0	10	0	0	1	1	0	12	0	0	0	1
crude_article388.txt	0	0	0	0	0	0	0	0	0	0	0	0	0	0	0	0	0	0	0	0
crude_article317.txt	0	9	0	6	2	0	7	1	10	5	5	0	0	5	3	8	0	0	1	0
crude_article459.txt	1	0	0	0	3	0	0	3	0	7	16	0	6	1	2	9	0	0	2	0
crude_article131.txt	1	15	0	1	0	0	3	0	1	5	2	5	0	1	6	10	0	0	1	1
crude_article501.txt	0	0	0	0	3	0	0	0	2	1	0	1	1	0	0	1	0	0	0	1
crude_article507.txt	0	0	0	1	4	0	3	4	2	5	0	0	1	7	1	7	0	0	5	4
crude_article114.txt	3	0	0	0	0	0	1	0	0	2	0	0	0	0	0	7	0	0	2	0
crude_article032.txt	0	0	0	1	0	0	1	0	3	7	0	0	0	0	3	2	3	0	0	3
crude_article351.txt	0	0	0	0	0	0	1	2	0	5	3	1	0	5	0	2	0	0	0	0
crude_article090.txt	0	0	0	2	2	0	0	0	0	2	0	0	2	0	0	3	0	0	0	0
crude_article460.txt	0	1	0	1	0	0	1	1	0	10	1	0	0	0	1	5	0	0	2	0
crude_article239.txt	1	0	0	4	7	0	0	0	0	0	0	0	2	0	0	2	0	0	0	0
crude_article499.txt	0	0	0	1	0	0	0	0	0	5	0	0	0	0	2	5	0	0	0	0
crude_article236.txt	1	0	0	0	0	0	0	2	0	4	0	0	1	3	0	4	0	0	0	0
crude_article374.txt	1	1	0	1	0	0	2	1	0	2	3	0	0	0	0	2	0	0	3	0
crude_article301.txt	0	0	0	0	0	0	0	0	0	2	0	0	0	0	0	2	0	0	0	0
crude_article147.txt	0	0	0	0	0	0	1	0	0	1	0	0	0	0	0	1	0	0	0	0
crude_article229.txt	0	0	0	0	0	0	2	0	0	2	0	0	0	1	0	2	0	0	2	2
crude_article067.txt	1	0	0	1	2	0	0	0	3	3	0	0	0	0	0	3	0	0	2	0
crude_article234.txt	0	0	0	8	0	0	0	0	0	8	0	1	0	0	3	6	0	0	0	0
crude_article538.txt	1	0	0	0	0	0	0	0	0	0	0	0	0	0	0	2	0	0	0	0
crude_article247.txt	2	2	0	2	5	0	3	4	2	15	10	1	0	7	3	15	0	0	5	0
crude_article526.txt	0	0	0	0	0	0	1	0	0	5	0	0	0	0	0	0	0	0	0	0
crude_article084.txt	0	0	0	2	2	0	0	0	0	2	0	0	0	0	0	0	0	0	0	0
crude_article314.txt	0	0	0	2	2	0	0	0	0	2	0	0	0	1	0	2	0	0	1	0
crude_article143.txt	0	0	0	2	0	0	0	0	6	0	0	0	0	0	0	0	0	0	0	0
crude_article045.txt	1	0	0	1	0	0	1	1	1	12	0	3	0	0	0	12	0	0	2	2
crude_article564.txt	2	0	0	0	1	0	0	4	2	2	8	0	5	2	1	5	0	0	3	0
crude_article005.txt	1	0	0	2	0	0	0	0	0	4	0	0	0	0	1	2	1	0	0	0
crude_article370.txt	0	1	0	2	0	0	2	0	0	6	3	0	0	0	0	4	0	0	6	0
crude_article451.txt	5	0	0	0	0	0	1	0	1	9	0	3	1	0	0	10	0	0	6	3
crude_article249.txt	0	0	0	0	0	0	0	0	1	4	0	0	0	0	0	2	0	0	0	0
crude_article123.txt	0	4	0	2	0	0	0	1	0	4	1	0	0	1	0	2	0	0	0	0
crude_article074.txt	0	0	0	2	2	0	0	0	0	2	0	0	0	2	0	0	0	0	0	0
crude_article208.txt	1	0	0	0	0	0	2	0	0	3	0	0	0	0	0	6	0	0	4	0
crude_article551.txt	0	0	0	0	5	0	0	0	0	4	0	0	1	2	0	5	0	0	0	0
crude_article562.txt	1	0	0	0	3	0	0	0	3	7	0	1	0	1	0	6	0	0	1	3
crude_article298.txt	0	1	0	2	2	0	1	2	1	2	11	0	8	2	0	4	0	0	0	2
crude_article397.txt	0	0	0	0	4	0	0	0	8	3	0	1	0	1	0	5	0	0	0	0
crude_article280.txt	0	0	0	2	2	0	0	0	0	2	0	0	0	2	0	0	0	0	0	0
crude_article195.txt	1	0	0	0	3	0	0	5	0	6	3	0	4	0	0	5	0	0	0	1
crude_article076.txt	0	0	0	2	2	0	0	0	0	2	0	0	0	0	0	0	0	0	0	0
crude_article265.txt	1	0	0	0	0	0	0	0	0	4	0	0	0	0	0	2	0	0	1	0
crude_article391.txt	0	0	0	2	2	0	0	0	0	0	0	0	0	0	0	0	0	0	0	0
crude_article323.txt	0	1	0	0	0	0	0	0	1	5	0	0	0	0	0	2	0	0	0	0
crude_article480.txt	0	0	0	2	0	0	0	0	6	0	0	0	0	0	0	0	0	0	0	0
crude_article558.txt	1	0	0	0	0	0	1	0	0	4	0	0	0	0	0	3	0	0	0	0
crude_article563.txt	0	0	0	1	1	0	0	0	1	4	0	0	0	0	0	2	0	0	0	0
crude_article110.txt	1	8	0	0	2	0	2	1	7	14	9	5	1	5	5	3	0	0	3	3
crude_article214.txt	0	0	0	0	0	0	0	0	0	4	0	0	0	0	0	3	0	0	2	0
crude_article416.txt	1	0	0	0	0	0	0	0	0	4	0	0	0	0	0	8	0	0	0	0
crude_article063.txt	0	0	0	2	0	0	0	0	1	2	0	1	0	1	1	1	0	0	0	1
crude_article345.txt	0	0	0	0	6	0	0	0	0	9	0	0	1	3	0	3	0	0	0	0
crude_article476.txt	1	0	0	0	11	0	0	0	12	1	0	6	0	1	0	12	0	0	0	9
crude_article103.txt	1	0	0	1	4	0	0	3	0	2	2	0	1	3	1	6	0	0	0	1
crude_article048.txt	0	0	0	0	0	0	0	0	1	2	0	2	1	0	0	5	0	0	1	0
crude_article245.txt	1	0	0	0	0	0	0	0	0	4	1	4	0	0	0	4	0	0	1	0
crude_article125.txt	0	0	0	0	2	0	1	0	2	2	0	0	0	0	0	1	0	0	0	1
crude_article060.txt	0	0	0	0	0	0	1	0	0	1	0	0	0	0	0	6	0	0	1	0
crude_article087.txt	0	0	0	5	2	0	0	0	0	1	0	0	2	1	0	1	0	0	0	0
crude_article088.txt	0	0	0	0	0	0	0	0	0	4	0	0	0	0	0	3	0	0	3	0
crude_article054.txt	3	5	0	2	0	0	2	1	13	10	0	3	0	2	0	9	0	0	3	2
crude_article541.txt	0	0	0	0	0	0	0	0	0	2	0	0	0	0	0	0	0	0	0	0
crude_article096.txt	1	0	0	2	0	0	3	1	2	4	0	0	2	0	0	6	11	0	0	9
crude_article001.txt	3	0	0	0	7	0	4	3	3	7	0	7	0	4	0	10	0	0	3	8
crude_article299.txt	0	0	0	2	2	0	0	0	0	0	0	0	0	2	0	0	0	0	0	0
crude_article329.txt	0	3	0	4	5	0	3	0	4	8	1	1	0	1	0	7	0	0	4	1
crude_article297.txt	0	0	0	0	2	0	0	0	2	2	0	2	0	0	0	3	0	0	0	1
crude_article019.txt	0	0	0	0	0	0	0	0	1	3	0	3	0	0	2	2	0	0	0	0
crude_article020.txt	0	0	0	0	0	0	0	0	1	1	0	0	0	0	0	1	0	0	0	2
crude_article415.txt	0	0	0	0	1	0	0	0	1	2	0	0	0	0	1	2	0	0	0	0
crude_article211.txt	0	0	0	0	0	0	0	0	0	0	0	0	0	0	0	0	0	0	0	0
crude_article106.txt	2	2	0	3	1	0	0	5	3	9	7	0	2	4	3	14	0	0	5	0
crude_article283.txt	1	0	0	3	4	0	0	0	0	1	0	0	2	1	0	1	0	0	0	0
crude_article316.txt	2	1	0	3	0	0	1	0	0	4	1	0	0	0	0	6	0	0	0	0
crude_article506.txt	1	25	0	4	24	0	0	0	0	9	0	0	3	0	0	2	0	0	0	0
crude_article488.txt	0	0	0	1	0	0	0	0	2	2	0	2	0	0	2	1	0	0	0	0
crude_article481.txt	0	1	0	1	3	0	2	0	2	22	0	8	5	5	5	17	0	0	6	3
crude_article531.txt	0	0	0	1	1	0	3	0	1	5	0	1	1	4	0	5	0	0	0	2
crude_article341.txt	1	0	0	2	2	0	0	0	0	1	0	0	1	0	0	1	0	0	0	0
crude_article177.txt	0	0	0	0	0	0	0	0	0	5	0	0	0	0	0	4	0	0	0	0
crude_article566.txt	0	0	0	2	2	0	2	0	4	4	0	1	0	1	4	6	0	0	0	4
crude_article568.txt	0	13	0	5	0	0	1	0	28	3	0	15	0	0	1	9	0	0	0	12
crude_article385.txt	0	1	0	2	0	0	0	0	0	4	0	0	0	0	0	4	0	0	0	0
crude_article375.txt	0	0	0	0	0	0	0	0	3	2	0	2	0	0	1	3	0	0	0	2
crude_article296.txt	2	0	0	3	3	0	1	3	5	7	3	2	3	6	3	4	0	0	5	3
crude_article571.txt	1	0	0	0	0	0	0	0	0	6	0	0	0	0	0	4	0	0	1	0
crude_article494.txt	0	0	0	0	0	0	0	0	0	2	0	5	0	0	0	5	0	0	2	0
